0,51.5092869600407,-0.161032665998202,30.2789901914075,-0.0126585697246716,0.0468453854654756,0.0178030063163793
0.5,51.509257166679,-0.161025422638775,30.8216997219715,0.14809392395943,-0.019149340240995,-0.021461672051302
1,51.509289893917,-0.161046710895044,23.1692199651152,0.240548611703607,0.011987687223623,0.0301652858651562
1.5,51.5092884473434,-0.161025834641066,31.1873372867703,0.516407853659234,-0.0151319995707045,0.0615937259065895
2,51.5092839100435,-0.161032381012288,26.3178507876582,0.773048483294316,0.00922329528207125,0.0742913264578845
2.5,51.509306938906,-0.161041147102728,24.9387755820062,0.978191516320811,0.00890465512713171,-0.0368385996980857
3,51.50928386143,-0.160995494205608,28.7894736374728,1.2347927630009,0.0113157198106778,-0.0446134751353665
3.5,51.5093075725901,-0.161002359040201,25.0466220872477,1.24130471250144,-0.0208423769560941,0.00295636898012804
4,51.5093249051369,-0.161024687015328,25.3132379995659,1.24292672036584,-0.00916920222887197,-0.059485153876236
4.5,51.5092904878526,-0.16100173497037,19.9778391153086,1.25324476528769,-0.00433401671727576,-0.0211222854727039
5,51.5093298694085,-0.161046740472898,25.8427310215775,1.22763453761553,0.000519649227838561,-0.114792666856267
5.5,51.5093554664436,-0.161021206357858,19.2210878713522,1.25093409018163,-0.0324572123671629,-0.0881488834804995
6,51.5092803022362,-0.161028263918761,27.8018602728844,1.23378494953717,0.0373965237207859,-0.0523216685521799
6.5,51.5093371989014,-0.160997898229207,26.3492576531135,1.26488166118397,0.028127327228128,0.0350833416975572
7,51.5093551733444,-0.161018667484207,30.7247371783014,1.27867959487905,-0.0118316107388062,0.00650481697134779
7.5,51.5093432450865,-0.160994472239333,32.2275546591263,1.2625691519797,0.0165746728431152,-0.0173719102608804
8,51.5093513924721,-0.160997899157971,25.435127961915,1.23896177698331,0.00228357108021635,-0.00590891026739405
8.5,51.5093471459235,-0.161019764488954,34.1771230720915,1.25611885383808,-0.00297446545913122,-0.0502679100124037
9,51.509360786777,-0.161027639260105,23.2899260625709,1.26497676681787,0.0166368016365395,-0.0354568812921082
9.5,51.5093572624729,-0.16102809986369,23.9384815464728,1.27829307963832,0.0360886402286166,0.0144181153094717
10,51.5093957025495,-0.161054496496606,19.0800445168279,1.23577554425488,0.0357489594194081,0.00680612355073484
10.5,51.5093818386539,-0.161043255390211,30.2862694079522,1.25520989893577,0.017058344727842,0.0337020381293872
11,51.5093778390906,-0.161036580562722,20.6684453764465,1.2827494873492,0.0009338614272578,0.00844966754353921
11.5,51.5093883447301,-0.161020209651488,27.2958774054423,1.25102067617888,0.0324909182318194,0.012109830697039
12,51.5094005795504,-0.161021817567555,24.8743942494038,1.26406932466642,-0.00962970273923828,0.00878145265509955
12.5,51.509408304921,-0.16101641778505,29.0108251841739,1.2248865200836,-0.0220868297845503,-0.0387121874812781
13,51.5094131673168,-0.161041512182864,28.0791377578862,1.24067027045014,0.00174980419424104,-0.0263678507380326
13.5,51.509415393985,-0.16105970049407,34.4236552268267,1.23528802505858,0.00889520335746025,-0.0380091420610866
14,51.5094211251995,-0.161025390147223,23.1905801207758,1.25784234664034,0.00865882063959132,-0.0355985025449229
14.5,51.5094224419418,-0.160994514620412,32.3993943417445,1.25159649620372,-0.0433463236616212,0.0263714284456803
15,51.5094339799668,-0.161015433925173,26.8386297083925,1.2480290268871,-0.0357418334251096,0.037103027317164
15.5,51.5094430915808,-0.160997361004613,21.5526236973237,1.21928048481921,-0.0133280818848107,-0.021246056815375
16,51.5094533889758,-0.161051207458814,23.3731267706025,1.20597894307354,-0.00860049130505267,-0.0130984359142728
16.5,51.5094543633751,-0.160985101184115,25.3048137007281,1.25100224709548,-0.010136553386372,0.0502537695579174
17,51.5094356256355,-0.161021860776353,33.7847183539998,1.20541668461553,-0.00172705663812057,0.0140887163136737
17.5,51.5094582886334,-0.161017824371985,27.8999344580807,1.24378363425786,-0.00133041285656011,-0.0399005159492496
18,51.5094684666461,-0.160984231647184,27.0833287236746,1.25004885797064,0.00436711115083641,-0.0762371962076628
18.5,51.5094675062709,-0.161002715044992,28.58513712883,1.23178666477128,-0.0128644847644886,0.0120170996171284
19,51.5094820854711,-0.16098114423514,21.1099471403286,1.24712837590775,0.00193521287608074,-0.00286153246712251
19.5,51.509475754282,-0.161026491261863,27.8379050707445,1.25455819654726,0.0146576062893526,-0.0439814525432204
20,51.5094931698684,-0.161048677172917,26.570832723286,1.26089981577347,0.0114490851240182,-0.0542787796494516
20.5,51.5094659926412,-0.160990593996421,27.1794611723162,1.23167336589425,0.00475414127811979,-0.0506273774271888
21,51.5094918165213,-0.161002122521938,23.7207631424535,1.23244361042446,0.0191120938154804,-0.0376222587136372
21.5,51.5095056280257,-0.160971514817571,28.931785806315,1.22065803085623,0.00323522995337102,-0.0868103253956624
22,51.5095422301577,-0.161069703962302,19.3084197794087,1.25381170322356,-0.0314181085854574,0.00818964176025015
22.5,51.5095318767797,-0.161063784305146,19.8846138655208,1.23639881786155,-0.0196050132885371,0.0109363889483435
23,51.5095513899482,-0.161065637236577,22.5179733722471,1.26235531579426,-0.0221442409061374,-0.0101930742530117
23.5,51.5095177704208,-0.161027820092077,28.7471859648358,1.20542818133438,0.0258181634767931,-0.057002533302569
24,51.5095301689453,-0.160994058977765,26.1559192903806,1.24098505362753,0.00728659013939843,-0.00698185477705153
24.5,51.5095359518913,-0.161012655496274,30.1663028376643,1.22579862497425,-0.0108360852990566,-0.0623764230699206
25,51.5095404746152,-0.16104075113614,26.2293705197517,1.24857930874931,-0.00986407506491684,-0.0562057520134984
25.5,51.5095742204571,-0.160999466698767,27.5575470882468,1.24301502561099,-0.0469291627771156,-0.0632606285985295
26,51.5095523659924,-0.161032107625251,21.2367874479387,1.25532317413444,-0.000204867271212886,-0.0743459088738056
26.5,51.5095380334947,-0.161016831952233,25.5354689648375,1.24935751429252,-0.0264331506670649,0.00182821995104201
27,51.5095665428059,-0.161031580708152,22.9523161181714,1.21308704887245,-0.00889546155179593,0.0165282645466493
27.5,51.5095871532457,-0.1610023057447,25.9986619525589,1.24728825928035,-0.056891804300301,0.0329694066905985
28,51.5095785437832,-0.161046109782322,22.9139664801769,1.2418884889726,-0.0345364745134945,-0.0517980053546612
28.5,51.5095860983469,-0.16105332251769,30.0258885100484,1.24187569913958,-0.0368958771994339,-0.013001310756993
29,51.5095768962197,-0.161013960299531,26.5457911330741,1.24282441004495,-0.0480967614888322,-0.0396945882994807
29.5,51.5095984758964,-0.161033428100608,24.445956758922,1.23252204355164,-0.0308093926335076,-0.0575998599020929
30,51.5096316673146,-0.161019323233896,22.3120733411051,1.25258513692132,-0.00694132616058005,-0.0620623655429552
30.5,51.5096125095287,-0.16100410565538,27.615194569109,1.25674159554286,-0.0159348853153323,-0.0436710385939898
31,51.509590478894,-0.160990433096485,26.9803862851113,1.26157429542687,-0.0136910387076381,-0.0264109582198991
31.5,51.5095961072886,-0.161025406803036,27.9112702177372,1.24028015045071,-0.000169819287241581,0.0121591954928683
32,51.5096238169233,-0.160999513596046,25.7859559699427,1.23538034872254,-0.0209988887297895,-0.0206734629395759
32.5,51.5096033865149,-0.16096095282591,31.2400484210812,1.00879746790951,-0.0169104984387327,0.0629423045064627
33,51.5096268929016,-0.161082995049597,28.1482673324645,0.745338180292298,-0.0129883615131945,0.0340328228468217
33.5,51.5096325725156,-0.161013751392876,28.9757222465705,0.497281032871946,-0.0275340901014035,-0.0465386465464222
34,51.5096521431695,-0.161040377572973,25.9121698725503,0.233770172526377,0.00048921606041732,-0.0232465449845921
34.5,51.5096430592183,-0.16100910471649,26.4757442222908,0.233528334004941,0.0682280351433784,0.010502467281867
35,51.5096335626537,-0.161006502995206,26.2228203981649,0.251662691293369,0.131208678697761,-0.0658550190353666
35.5,51.5096388112547,-0.161035193647292,28.7426272514276,0.184865055226138,0.17813457238361,0.0241528300148199
36,51.509632082558,-0.161012030979095,27.3889821204357,0.109381554729386,0.214834216534936,-0.0135432171271101
36.5,51.5096259859064,-0.16098882405884,30.1699648154899,0.0642879961783703,0.227009065317583,-0.00455749473889611
37,51.5096355226384,-0.161000184758029,26.5871868976392,0.0110478484135929,0.224102711530357,-0.0356750370508569
37.5,51.5096407320368,-0.161025011526724,28.0689750097226,-0.0561020201611485,0.24103023699272,0.00892108585714458
38,51.5096740359387,-0.161024752579546,28.1759169120342,-0.119410432840644,0.23381475048103,0.052640632301673
38.5,51.5096502989562,-0.161026938928571,26.932892116718,-0.150439918534058,0.165638149092969,0.0614264244632705
39,51.5096362812153,-0.161007419351475,23.634880409576,-0.235693147350545,0.127408304105592,0.0344773274063752
39.5,51.5096276480057,-0.160985396926756,35.9650587539654,-0.226273581944341,0.0697902412353338,0.00643267211190263
40,51.50961894654,-0.161007186315255,27.1922879558988,-0.251692852064672,0.00406807322786434,0.0242872120369945
40.5,51.5096313823109,-0.161017644718366,27.7816388069186,-0.529847862247594,0.0336702979025328,0.015309599000793
41,51.5096417673132,-0.160985077540487,19.9483857078012,-0.774519880262354,-0.0281220350300786,-0.0580792144383223
41.5,51.5096268551301,-0.161000949209452,23.7488899505697,-1.02841602658347,0.0172201739737415,-0.0214076712612467
42,51.5096114189938,-0.160997748076317,27.1842148639262,-1.23833152311969,-0.000426693040271191,0.0184466362205392
42.5,51.509612376254,-0.160999095633841,29.5131317966152,-1.24752383284993,0.0149843549671396,0.01540679599386
43,51.5096069973281,-0.16102984555386,27.0131110688671,-1.24883490534203,0.0233192328445705,-0.0495238654391126
43.5,51.5096146933687,-0.161005534560558,23.4243427489419,-1.23811712072295,-0.0104535750644183,-0.0540871243919199
44,51.5095715605216,-0.160984872881029,31.3388889688067,-1.23339703526263,-0.0241477900328798,0.0079924675092999
44.5,51.5096196787228,-0.16098761563292,25.3265332076699,-1.22040128463994,0.00534218639171512,0.00780665538359968
45,51.5095704136229,-0.160964607172396,25.473717933055,-1.26661578955485,0.0231446866597126,0.0131898625019694
45.5,51.5095689851485,-0.160983413669713,29.0015934647527,-1.2343031986919,-0.0186726075402675,0.0761387679014617
46,51.5095813521162,-0.161043056512847,21.2116579031572,-1.26563743135909,0.00589808900484292,0.0165342209484507
46.5,51.5095683333727,-0.16102108216904,29.9701835867018,-1.20514262566883,-0.0436670523348361,0.0381536456263653
47,51.509556449866,-0.161021186277793,31.7594656760339,-1.26982168985349,-0.0299300354455791,0.0291004482287045
47.5,51.5095545911585,-0.161010483787012,28.8253948399797,-1.22402555346824,-0.0277952749572809,-0.0376741067014073
48,51.5095487562005,-0.161033145327157,23.8314605804626,-1.24585395749571,-0.0302542588922454,0.000879015077805798
48.5,51.5095291689271,-0.160975247740678,26.3173699604813,-1.27030955700615,0.00428491981559693,-0.0138951274156947
49,51.509566022922,-0.161031022065348,19.8649771083146,-1.22970598914295,-0.0319216511489328,-0.0064609795085706
49.5,51.5095746523484,-0.16102453431001,20.4942887707148,-1.26392940164975,0.0392909598898531,-0.077157442367016
50,51.5095417191474,-0.161026751114656,28.2865684812423,-1.27170288219332,-0.00377644408859427,-0.00773747615278115
50.5,51.5095364204034,-0.161033982571549,30.3198193779681,-1.25175992133442,0.0138576759690226,-0.0545706810088254
51,51.5095152847939,-0.161042990030399,25.9371667783707,-1.28147247831206,0.00292928686469058,-0.0452650109510254
51.5,51.5095080603771,-0.160970476901981,29.6994484080933,-1.24576169466272,0.00827031116170812,-0.0015538272607479
52,51.5095232592287,-0.161010021163898,24.4355659813154,-1.23542808998667,0.018804188694468,-0.0251756808949056
52.5,51.5095016095198,-0.160987740208248,22.4672698667273,-1.23583017620677,0.00553899715249325,-0.0167280865304229
53,51.5094969552619,-0.161001672030312,27.5402963827364,-1.23627760056627,-0.0120369261342828,-0.0540255739203121
53.5,51.5094778996703,-0.161031689304299,18.8896717415191,-1.27972222843846,0.00357984747656271,0.0271259023024292
54,51.5095049726616,-0.16102090393725,23.9056022441946,-1.26082547918575,-0.0112630529595059,0.0335469732752789
54.5,51.5094463030115,-0.160964752906689,34.2798642108683,-1.25438759314667,-0.00674561327266999,0.0691612817404372
55,51.5094854946617,-0.160995526185961,26.476653394755,-1.28269560889031,-0.00120234659082231,0.00131087232807583
55.5,51.5094618674246,-0.161001874818576,34.4801176146138,-1.23795558641517,0.0276874305182569,0.0285762829071349
56,51.5094626207742,-0.161015063344516,28.2783321670722,-1.25880061513298,-0.0101755325820137,0.0545367128487547
56.5,51.5094712836542,-0.161000139121443,28.5877093661111,-1.23384686597032,0.0176746996704533,0.0665990221452905
57,51.5094611179253,-0.161018068823152,23.912839736091,-1.24822615630924,0.00274461520231766,0.0132070615311157
57.5,51.50943532023,-0.161034506357235,25.1882369671948,-1.25182841461051,0.0355881415683844,0.0284846335140072
58,51.5094612032957,-0.160992531066603,23.5312484346796,-1.24563269971487,0.0729479921679195,0.0272390312591995
58.5,51.5094468945665,-0.161038980311336,28.3745899146888,-1.25072870227948,0.0254117318865218,0.0702045400540339
59,51.5094405211651,-0.161013253163427,20.2840577187017,-1.2929966463214,0.00427000591191189,-0.00739315360118487
59.5,51.5094265671682,-0.16098896023765,32.5870676385239,-1.25784903352459,0.0177433318653384,0.0375510941023596
60,51.5094112155423,-0.160989394284265,23.5239697697107,-1.2501784978354,0.021731515902088,0.0486130972382739
60.5,51.5094152558185,-0.160998448943292,30.0923636893276,-1.2798547228443,-0.0153715722566606,-0.0642286691436248
61,51.5094127107619,-0.161019388599861,27.5031211213209,-1.24320536539981,-0.0328576334489675,0.00311219296610507
61.5,51.5094164530306,-0.161048708184936,25.6105411453173,-1.2378981583707,-0.0390384739796856,0.0288846728688546
62,51.5093722284409,-0.161034704414323,24.4036445005331,-1.26310693276036,-0.0274635917808751,-0.0316724523261465
62.5,51.5093932225116,-0.160972571080218,27.1253818555269,-1.2533413606545,-0.00426320778799826,0.0223629660723919
63,51.5093948570633,-0.161023002855721,25.0535867842846,-1.25757791899003,-0.0421024114266355,-0.0179396856032276
63.5,51.5093748679216,-0.161023000118217,32.0453780328389,-1.27480448773472,-0.000569714834988454,-0.00701690880478619
64,51.5093541336198,-0.161019284515357,26.1140440152958,-1.24753969086378,-0.0417887843450291,-0.041169179727509
64.5,51.5093552068782,-0.16102580681973,29.0378245671745,-1.23121521049306,-0.0168773509745463,-0.0189319422802167
65,51.5093509690847,-0.161027891520307,25.3385588997044,-1.2855103021146,-0.00133348850585259,-0.0610545263916837
65.5,51.5093748499235,-0.161049132293924,27.955412901938,-1.23324247919884,0.0470204215751528,0.0181617133730687
66,51.5093427539797,-0.161022740926501,29.9921868462116,-1.25576470497832,0.0529298034525705,-0.0148016743804526
66.5,51.5093189411851,-0.160991566622377,25.6483596162871,-1.26297933988949,0.012783721571788,-0.0066951630467653
67,51.5093487932448,-0.160977209489416,28.9135473591741,-1.22317085743255,0.00164387267601588,-0.0366197644143996
67.5,51.5093510133211,-0.161005437060645,22.6771852318197,-1.24921313987222,-0.00855677649868068,-0.00926695826638509
68,51.5093079908433,-0.161012680918339,27.1624370806385,-1.22567716601577,0.00383228685034826,-0.0227089163767249
68.5,51.5093180469206,-0.161017234259218,28.6177270659246,-1.23199070912259,-0.00325771456045633,-0.0307998608720671
69,51.5093622547128,-0.161028889375595,17.8100239187479,-1.24969611976504,-0.00721265440756522,0.0363171111112676
69.5,51.509312212395,-0.161013208428306,32.5532501544803,-1.2516351980369,0.000252369537109461,-0.0166309556027691
70,51.5093103084813,-0.160999332848555,24.4164019061718,-1.27449276041792,0.00435254458210187,-0.0012575906733315
70.5,51.5093139813685,-0.161013670670454,26.0382775631733,-1.25946833325697,0.00297918550517729,0.0279752276838664
71,51.5092781908582,-0.161005830868386,26.4575768238865,-1.25834317452384,0.00774809935509282,0.00630431436665363
71.5,51.5092880106396,-0.161001559527459,29.0605553034693,-0.991326441530359,-0.0248760005243712,-0.0448803641415662
72,51.5092729545144,-0.160990417623431,32.1113769265357,-0.762918317914226,0.0122932428444212,-0.0763005036557421
72.5,51.5093013508809,-0.161001100682334,34.0230710860342,-0.486926904826184,0.0105175726059425,-0.0142170908237993
73,51.5092637132518,-0.1610223809776,25.0970344911329,-0.25797308139085,0.00684990029759583,0.0574100261568505
73.5,51.5092752557688,-0.160987534566006,26.3928734490182,-0.212217760726215,0.0823397940951524,-0.0410882004201558
74,51.5092749476598,-0.160972340214799,28.4261895285454,-0.213971400677128,0.117440060622169,-0.00283980954853379
74.5,51.5092778755517,-0.160982858033923,33.643590311287,-0.167029878678945,0.152562030647742,-0.0728170537048672
75,51.5093002142428,-0.160996313242961,18.4783966576215,-0.116681084940371,0.256227635306562,0.0288150951179562
75.5,51.5092758231625,-0.160974483543658,26.3224834827706,-0.0468626167419611,0.239221094295124,0.0205756996494566
76,51.5092983294316,-0.161011555724688,25.3476205060724,0.018490511281297,0.260441603522449,0.032947036844731
76.5,51.5092731376457,-0.161027336951608,29.8447709442116,0.0777772376905457,0.234166439487879,0.0551478771291481
77,51.5092916613041,-0.161020495722125,27.7849609376863,0.143275307995378,0.232183728198896,0.0665506531563651
77.5,51.5092671176472,-0.161002748899955,30.9679771063384,0.165600439100412,0.184197468034403,0.0126873521846202
78,51.5092748726691,-0.160972252495658,25.1115877944976,0.206817073104828,0.152786973502503,-0.0334938639240531
78.5,51.5092752560915,-0.160962095979657,30.7216678638943,0.21445171647678,0.0629656620294675,-0.00221125280254612
79,51.5092741532577,-0.160973782990938,29.1417052182369,0.207907982784178,-0.00694561250505948,-0.055364021927273
79.5,51.5092800103868,-0.160969911124247,22.0829865722917,0.49754720906237,-0.00193304204305773,-0.0360467188912747
80,51.5092587645728,-0.16101326521961,27.7488121679053,0.752993098179006,-0.011311585591873,0.00576608563005088
80.5,51.5092753934793,-0.161018458395385,27.6440655337647,1.01142653251157,0.0055611915006937,-0.0241957450617888
81,51.5092988870637,-0.161020028813115,29.8454588605091,1.25933804176644,-0.0404033955579697,0.0370588081243512
81.5,51.5093249249087,-0.161008643776003,24.1674976299983,1.25806540929163,-0.0235681461651234,0.0099621109472473
82,51.5093234078453,-0.161031360173495,23.8428501926828,1.26584824117746,-0.0220446238371569,0.0649409939212295
82.5,51.5092874474909,-0.160996571091841,27.1148533544037,1.27738327171489,-0.020215677738838,0.0217574747996756
83,51.5093155975519,-0.160959814287293,27.9909656641539,1.24438382117735,-0.00473467193409914,-0.0123190561103629
83.5,51.5093389161394,-0.161002087530769,22.8278678350616,1.22907131763015,0.00192758048102425,0.0151202848366898
84,51.5093145125278,-0.161005702984893,25.9240935703274,1.26268240777569,-0.0508028308417245,-0.00224346403367862
84.5,51.5093416414466,-0.160991793355785,30.6324298880063,1.27360080751557,-0.0267646536430486,0.0698298993186235
85,51.5093582357783,-0.161028889909586,25.2631436514203,1.27266374493788,0.004925665099462,-0.0318178147530992
85.5,51.5093443439257,-0.161008954171416,25.5510290169623,1.23064213981274,0.0192019156079842,-0.090403640353277
86,51.5093521545284,-0.160997637588151,27.8820006630849,1.27108985873797,0.0309971177335218,0.0179730900938669
86.5,51.5093714628119,-0.160985706968661,19.7669501968194,1.21767501643314,0.0101389452703718,-0.123105933743956
87,51.509363881732,-0.160991346137903,23.9657409815118,1.22039320878964,-0.0102784087475191,-0.0521446175278127
87.5,51.5093633646073,-0.160993869141338,30.7651353955735,1.25412023193127,-0.0609466895320824,-0.0165250373165955
88,51.5093840911158,-0.161018004503256,31.0244950647466,1.26866403709308,-0.0386969614104531,-0.00352305662892416
88.5,51.5093745247274,-0.161024340607987,23.5753697555047,1.24346538159929,-0.0383216666126838,-0.00834616143179588
89,51.5093791289531,-0.161011600033676,27.2846927184146,1.25083930328008,-0.0134076811331783,0.0433882092928792
89.5,51.5094023615637,-0.160952930528558,27.7158826715313,1.25606417679177,-0.0275939273943297,0.0960297239036714
90,51.5093919610772,-0.160998465673797,26.7162449078169,1.23425341823159,0.0245412792297813,0.0374687186201292
90.5,51.5094059644456,-0.160980702602472,27.4236054995563,1.23196892986838,-0.0201073441902484,0.039533643753918
91,51.5094034918514,-0.160999250802571,23.2605272666551,1.26540806031713,0.00182289439048262,0.00754206551696346
91.5,51.509403204051,-0.160976153868594,30.871639627032,1.23117580630442,-0.0364742534967571,0.0448663284177639
92,51.5094498883032,-0.160996494394511,26.1031334402505,1.23936535475704,-0.00129537545867561,0.000439789095251668
92.5,51.5094207782771,-0.161016508693284,26.4044218242634,1.23031090208191,-0.0384279717639662,-0.0276118375258634
93,51.5094511918142,-0.160996931045965,27.4918178885709,1.23548031897527,-0.0168988591606625,-0.0552541774146034
93.5,51.5094379100669,-0.161011597773172,26.3607908908743,1.24706402544451,0.00390880607798472,-0.0250217168592365
94,51.5094266885441,-0.160964356208556,30.3741852750536,1.28362222694413,0.0238359453963442,0.00959058043743946
94.5,51.5094493252671,-0.160989171250058,20.6418488710187,1.2397269332175,0.00544049530820458,0.00687691663978063
95,51.509463081684,-0.160974106999557,27.2012205040082,1.23817810683158,0.0478501056840685,-0.0131429551410591
95.5,51.5094662227647,-0.160981907249745,25.9131639632396,1.26267780830012,-0.0159848665222083,0.00476519928419161
96,51.5094806713322,-0.16098557744967,27.3956141478848,1.21730111880669,-0.0154872688415512,-0.0448818936189239
96.5,51.509479897885,-0.160973431505348,27.7456348829437,1.24745095660769,0.0208653229024858,0.0164375914503583
97,51.5094805767129,-0.160956160142013,30.6227055790368,1.25547106552312,0.0308102569910287,0.0688348278988697
97.5,51.5094672031561,-0.16098580348069,27.5925091174431,1.28304447234735,0.00396984602803926,-0.0118486729413733
98,51.5094973865974,-0.161024371991683,22.7177271195687,1.25431874102085,0.0214996651560289,-0.0269894169347302
98.5,51.5095129193082,-0.160982496011696,24.3930476489477,1.24269877607956,0.0255224060704714,0.0472619238827929
99,51.5094899327801,-0.161019273194772,25.2393635960761,1.23755708901914,0.0527126365962996,-0.0366354523005925
99.5,51.5095004074181,-0.161015096983609,24.3986671224702,1.23752487201839,0.0535698044865461,-0.0153593474329051
100,51.5095089337742,-0.161004078226974,26.9498275131918,1.25441229536707,-0.0188508289114954,-0.0446320017378908
100.5,51.5095099474967,-0.160980832480823,25.3727751583792,1.2398858759533,0.0198755052903805,-0.0102764240851519
101,51.5095195523967,-0.160996034138561,27.2285858595278,1.23974180009796,-0.0327080728164679,0.0162728439545362
101.5,51.5095200443645,-0.161041997824004,29.1016733204015,1.22058239817729,0.0095331238201924,0.00510022743295674
102,51.509557997293,-0.161048889663581,24.409145757556,1.24708705072377,0.0077649032547422,-0.0156185045267601
102.5,51.5095133763527,-0.161016170479873,34.6154169873334,1.28725149084805,-0.0140015619333926,0.0481860929118948
103,51.5095043514742,-0.160984751842353,35.7585892649367,1.24632925029886,0.0505597232280597,-0.0651662334132934
103.5,51.5095507431165,-0.161034898141376,25.0802231486887,1.26215464850385,-0.031224532167127,-0.0239007734724585
104,51.5095348457682,-0.160977287823733,27.1674961755052,1.2754429213055,-0.0314057293796446,0.017614904353835
104.5,51.5095503021245,-0.160968792750915,27.7257577623241,1.22040760842387,-0.0310311562746302,0.0294659475417345
105,51.5095503851244,-0.160951815081682,23.3241657477338,1.2613232238313,-0.0303709050444457,0.003293789313485
105.5,51.5095757225016,-0.161029473718683,25.0652649756521,1.26770535190132,-0.0351489201672787,-0.00669710788864738
106,51.5095618648325,-0.160956214072927,29.895804310916,1.27223180574067,-0.00173997279256903,-0.022143804995117
106.5,51.5095857977532,-0.160978952111006,30.5509848138317,1.25930068283079,-0.00413235672469439,0.0712709194173394
107,51.5095999419476,-0.1609437854182,31.297761087073,1.25262835647752,0.0044732369849114,0.0253599680648371
107.5,51.5095596677129,-0.161008592344909,33.0203800750896,1.26939697661822,0.0111993091683855,-0.0275863140569105
108,51.5096102891216,-0.160973115423454,28.5884358608164,1.25206199888282,-0.000231323747242859,-0.0490951424250825
108.5,51.509630364719,-0.160972590296836,28.6985403539147,1.28028593863578,-0.0164899800315591,0.0134976683635351
109,51.5096262083493,-0.161047477709176,22.5454018220771,1.2719037689438,-0.0164190185089837,-0.0240456430140041
109.5,51.5096035514879,-0.160991442476871,28.3383052572608,1.24736620074546,-0.00935462668807006,-0.0720116095132428
110,51.5096293006117,-0.160991442942398,23.9994394711684,1.27512356688642,-0.0472768481970333,-0.0199865637674721
110.5,51.5096061337081,-0.160996590806533,28.8509024214,1.03023282682252,-0.0210012340373675,-0.0185361872819463
111,51.5096492084576,-0.161020302734533,28.2511910342146,0.762877272410344,-0.0150582825093279,-0.00627255481841396
111.5,51.5096044294126,-0.161008986134636,34.0576953648124,0.49604783129032,-0.000491185673273754,-0.0284894278510199
112,51.509632251513,-0.161010333510523,32.0159418734256,0.23230142130956,-0.016171969961399,-0.00401124111443876
112.5,51.5096396347034,-0.161012602039685,30.852186315693,0.208333047351149,0.0620764932505984,0.000963996391207261
113,51.509623057218,-0.161012706269696,31.952334641479,0.211697065287474,0.151201694249052,-0.0335822435661327
113.5,51.5096189032484,-0.160955184596516,25.5603929904755,0.129364260521657,0.206975522727092,-0.0500854204622813
114,51.5096460185726,-0.160981783228385,23.6249057222158,0.160392471104091,0.190501824430999,0.101080716880219
114.5,51.5096563036509,-0.161016547073415,22.9680049584713,0.0673407962971104,0.257073645468673,-0.049806611965553
115,51.5096290319724,-0.160995345668229,30.427932942519,-0.00976384400955563,0.259191950946387,-0.020847147178731
115.5,51.5096440825241,-0.161019503406817,22.6145127487835,-0.0554224541017152,0.221710804255325,0.00116338067363414
116,51.509632269239,-0.160975880436145,24.0242331416812,-0.140243140148275,0.203011783195398,-0.0542422647782363
116.5,51.5096434137457,-0.16098538234361,25.9037985692266,-0.187942294223791,0.190278459028257,-0.0669891511445111
117,51.5096449126156,-0.160990554491743,26.2916988271754,-0.209612046385551,0.120833130858946,-0.00547022384811994
117.5,51.5096636302342,-0.161012570423349,23.2254507944454,-0.252168279542661,0.0645985903445823,0.0221620550609624
118,51.5096418713068,-0.160989385929984,33.7186337658204,-0.247306468445494,0.0143448706870706,-0.0334429884810609
118.5,51.509609505026,-0.16100221511865,25.9845340948086,-0.495949293675768,0.00994711308823761,-0.00332876436427778
119,51.5096245372655,-0.160984029263323,29.6358962724917,-0.756175111761197,0.0233560990529182,0.011018122562236
119.5,51.5096330916045,-0.161024155628909,26.5107358237728,-0.999145209418262,0.0535338815217799,-0.00225954154648798
120,51.5096394446611,-0.160987492195971,19.6070590827148,-1.22583441833274,0.0146154464827845,0.00854529766239499
120.5,51.5096059175461,-0.160981229444708,25.8841466817539,-1.26688466361513,-0.000358394868387979,-0.0783317693619104
121,51.5096032712416,-0.161000640696656,25.9241405723151,-1.26261197253898,-0.0158844109299276,-0.00932708452102059
121.5,51.5096237477745,-0.160961611004354,22.949516125489,-1.25816901572292,0.038717438989284,0.0204500482123758
122,51.509594826195,-0.161007685660995,23.4843564520124,-1.23931193374956,0.0115450858158809,-0.0304632652215855
122.5,51.5095983907474,-0.16097150154901,27.5712632269133,-1.2471799706905,0.0103292443477545,0.0703143114520659
123,51.5095792386073,-0.160963218478007,28.5537959996145,-1.24897119626919,-0.0379998987926079,0.0277130618334303
123.5,51.5095799715829,-0.161016495744834,29.6144367277157,-1.2387891977425,-0.0157759731127941,-0.0435288288642586
124,51.5095812011177,-0.161019443690027,27.6174530347344,-1.25637127243655,-0.0197757768231201,-0.0346210044484849
124.5,51.509564267471,-0.160999035084591,35.0383545882069,-1.25394743520568,-0.0353060649396315,-0.00127729581537417
125,51.5095638631179,-0.160969841700187,25.1534497996327,-1.24150834577784,-0.0543588734626075,0.0176479089927913
125.5,51.5095627540285,-0.160950674691708,24.8339017394464,-1.23778928415501,-0.010717280839505,0.0292779116935274
126,51.5095501938412,-0.160984380436203,24.7286576316692,-1.26174142061696,0.00206732348344802,-0.0402011159723214
126.5,51.5095559863669,-0.160987028145792,22.5603658130858,-1.26550363390558,0.0341231722356175,-0.0209608879769103
127,51.5095417495415,-0.160984305870543,23.7315247470979,-1.22682660406045,-0.00221447562482641,0.0150388178697176
127.5,51.5095202685882,-0.16100767001474,29.6748331610579,-1.21856249025425,0.0179966952059911,-0.00518101412152273
128,51.5095625944728,-0.160975602356743,24.3989553085994,-1.22402261172991,-0.00922627254075056,0.0414383927287462
128.5,51.5095369020502,-0.16098366094619,24.031774350442,-1.21816894289807,0.0382990259725214,0.0623266579627918
129,51.5095008090481,-0.160973433434879,25.4279063125141,-1.25308592855445,0.00544916115189637,0.00147790637890096
129.5,51.5095068136587,-0.160976497237436,28.4328753245063,-1.22271599693796,-0.0188135621379223,-0.0224068293555542
130,51.5095146291053,-0.16095642296661,25.6287774143275,-1.2705076320051,-0.0168506163813741,-0.0404450009738508
130.5,51.5095040267576,-0.160966133406535,26.4737371641677,-1.26911284905599,-0.0108562062028792,0.0151273345232167
131,51.5094901290539,-0.160983918424411,35.6571936754044,-1.2526264073408,-0.0172536171441262,0.0348379800369798
131.5,51.5094923980913,-0.161010067149372,28.8597855018452,-1.23267696223963,-0.018442324994573,0.0581201804168245
132,51.5094949582211,-0.160956110228548,29.9582319688052,-1.27306185437716,-0.0068213705968719,-0.0411847911919525
132.5,51.5094685403129,-0.160987365130108,32.7962030367926,-1.22060416409144,0.0272953030419529,0.0914933572679727
133,51.5094675366534,-0.160921493908405,27.2547153544147,-1.26661855804509,0.0293907972161569,0.00334833301299841
133.5,51.5094697399923,-0.161002357780899,23.2874199384823,-1.24734352531446,0.0515090505739577,-0.0415290102197973
134,51.5094562724952,-0.160994867013269,24.9953641640022,-1.24841830146533,0.0562337411390981,0.033853517739422
134.5,51.5094429666283,-0.161001731296718,25.466653886484,-1.22681598570279,0.0412829287600845,-0.0268598238163469
135,51.5094720025886,-0.160973889856498,27.9548368505202,-1.22312500142636,0.0213957656216465,-0.0259041037851353
135.5,51.5094215716754,-0.160993287894094,33.748010112904,-1.24066853836993,-0.0100816068409214,-0.0183029185052566
136,51.5094379442628,-0.161002905184599,29.3878362353425,-1.25304505457721,-0.0041674035097542,0.0406452116754983
136.5,51.5094445159236,-0.160980935864718,29.899439269444,-1.24413775529744,0.0212907861803083,0.0416553016950126
137,51.5094601794596,-0.160965939724667,29.2564412211068,-1.26370892810349,0.0197557126251249,-0.0219433582215397
137.5,51.5094201942019,-0.16099477137194,26.4232429710682,-1.24894921057563,0.020018578332451,0.0402211647668356
138,51.5094508137127,-0.160965461349806,31.7817962472327,-1.2299559719353,0.00637107994178363,0.043336791024471
138.5,51.5094072506258,-0.160961670589258,29.053369021276,-1.24439187240901,0.0309491017827348,-0.0110403974934068
139,51.5094264275462,-0.161004464378685,31.557772627566,-1.24899846265371,0.0275290348631933,-0.0505751259760729
139.5,51.5093969966084,-0.160973083481288,30.8228310109116,-1.23987776661773,0.0235597301183616,0.00296232374257233
140,51.5094149449861,-0.160972553541016,25.5228278914001,-1.2700937431152,0.0280131011042378,0.0101558097544149
140.5,51.5094001626861,-0.160990029628389,27.8638743830379,-1.27651263166559,0.0245831084017439,-0.0343525465633972
141,51.5093844517109,-0.160996900832781,23.6450221654959,-1.24889939300303,0.0277714822988251,-0.0420638077200893
141.5,51.5093932757821,-0.160976304522876,23.4541185458656,-1.215415803932,-0.020318909589525,0.0726734136582135
142,51.5093866252144,-0.161000260866765,26.2484090840444,-1.27173525806479,-0.00869807475323725,0.0193104454644803
142.5,51.5093640508998,-0.16094777616828,23.454168516444,-1.26396348764745,0.0197342772143191,0.0122112891407086
143,51.5093507527247,-0.161003258624584,32.8837813043501,-1.26223886362114,-0.0140018591116834,0.0987973685017036
143.5,51.5093838134187,-0.161017530197982,22.4610042418353,-1.24032508943165,-0.014294191615072,0.0515967583188313
144,51.5093414444918,-0.160982181295,31.8981754709966,-1.21546975372231,-0.000984395537849452,0.0295822097189041
144.5,51.509338675749,-0.160991743154044,32.8328937033657,-1.27077722392221,0.00950243082904407,-0.0284587599713905
145,51.5093171860522,-0.16095654548196,26.398471403867,-1.25467889767101,0.0258304397094922,-0.0725772210965808
145.5,51.5093469407724,-0.160964054318099,28.832170995418,-1.26042493521095,-0.00555843230323901,-0.0351158576593446
146,51.5093340848483,-0.161001433774871,26.8555456746835,-1.29046511076999,0.0306724638462842,-0.0586267595006219
146.5,51.5093244207365,-0.16097005037369,34.0908406248782,-1.25087394031342,-0.0168149227088115,-0.0228340355065553
147,51.5093124574484,-0.16098035418136,27.0964937012177,-1.20957864667832,0.0231131413702248,0.00782343949847375
147.5,51.5093006113548,-0.160963308527749,25.4168549613096,-1.27848918528706,0.014303847214678,0.0122182180273748
148,51.5093258046419,-0.160975806932371,21.1720989111345,-1.2551345833181,0.0359063342875837,-0.0348978534353505
148.5,51.5092949511631,-0.160997252183143,28.9296287582256,-1.26552034117216,0.011320147481483,-0.00605784686844445
149,51.509283699111,-0.161020553489296,28.6262379374821,-1.25744864527296,0.0208886592458194,0.0336624954172093
149.5,51.509296797946,-0.160963716510925,26.7537745707668,-1.01558727194922,0.00927786632923464,0.0525563980938383
150,51.5092847927858,-0.160967171307351,27.6712480881251,-0.777529801568546,0.00739309692042935,-0.0563197295880283
150.5,51.5092995909299,-0.160942628649848,27.5363128371537,-0.479037373768267,-0.0213490274914911,0.0689586459597118
151,51.5092616242637,-0.160983541311924,27.3651930163614,-0.258994765628566,-0.043214484202087,0.0058076845692472
151.5,51.5092853542092,-0.161003052855882,20.8697085264139,-0.217133751394187,0.0427396351390251,0.0460175138309416
152,51.5092675994206,-0.160943942271829,28.8985805921257,-0.194207380291448,0.149790381086122,-0.00329458280434988
152.5,51.5092882551174,-0.161013272428375,22.288662720006,-0.167872116596521,0.150987065931755,-0.0370074113098999
153,51.5092913419826,-0.160970290581912,23.5165428209584,-0.125902643232695,0.214742082700036,-0.00338327648311846
153.5,51.5092823040971,-0.160962106952499,24.5037009315565,-0.0703928981740903,0.231364484411198,-0.0130513537311522
154,51.50927619276,-0.160976065029631,31.0305089643225,-0.00920935547603753,0.225699569978332,0.0134107452157316
154.5,51.5093196722837,-0.160989120982573,25.5099949711002,0.0601821058103265,0.253398796336344,0.0159144254566566
155,51.5092603534136,-0.160954015398409,33.9993868162856,0.126368699006059,0.216595039086629,-0.0149482798097109
155.5,51.5092736913436,-0.160975126956346,32.8139859938528,0.172358694992943,0.174859396779989,0.0338393157163283
156,51.5092890871909,-0.160961618380109,28.1792391086929,0.223487010964264,0.123909140923848,0.000250322636581461
156.5,51.5092677041937,-0.160949038776586,27.8455926980823,0.216237465105177,0.063923378220201,0.0035287092051941
157,51.5092904579287,-0.160939453806968,24.8563158132602,0.244744959846157,0.00294321546727571,-0.0166103763893345
157.5,51.5092680794605,-0.160950877693709,27.1055588896852,0.509993778799949,-0.0176135497266079,-0.0503993315754316
158,51.5092795280906,-0.160938112088336,27.3951109847985,0.749209454240678,-0.0313816231174574,0.025422386998337
158.5,51.5092746970455,-0.161007521634496,31.2634869490284,1.02121769750334,-0.0269247112919356,0.00311978396263546
159,51.5093073947529,-0.160960807775307,27.3606401258148,1.25038627596762,-0.0151885102679002,0.0144093227169621
159.5,51.509276662853,-0.160931357035249,24.7604900009464,1.23798126124463,-0.00153383722857753,-0.00356754988211003
160,51.509308125935,-0.160973225819272,26.6245584341232,1.2614086871617,-0.0253869689333589,-0.00774259093854402
160.5,51.5093091333495,-0.160984232334293,25.0454572297167,1.26653753021954,0.00412845782808731,-0.035099491874874
161,51.5093308423314,-0.160972141120632,27.8165073532145,1.26390312488867,0.0145893127588545,-0.0565152769369402
161.5,51.5093173758864,-0.160962676858279,33.6521082697436,1.24892464869325,0.0185072502323681,0.0191641663746305
162,51.509324754718,-0.160948112684892,31.9169073496014,1.24458229337976,0.0197297777845178,0.0138206892272405
162.5,51.5093324627818,-0.160976018058742,28.1194597273134,1.26136472307031,0.0115807978809927,0.000896521365442322
163,51.5093722583907,-0.160965012012854,24.8688536868431,1.26725300032952,-0.0176970130696355,0.0227952450678832
163.5,51.5093020052369,-0.160984977833978,31.9079206015449,1.2316592710701,0.0177559104536985,0.0237143035005056
164,51.5093501046294,-0.160945452385073,31.5336395909544,1.27990684695969,-0.015020378365146,0.0477963455423167
164.5,51.5093510945436,-0.160961858651494,29.5830521646421,1.27076373586181,-0.0020273960002692,0.0586663349230684
165,51.5093758235701,-0.160976370298625,26.3574858261272,1.25784791564365,-0.00459422853747651,0.0272282480639543
165.5,51.5093842652925,-0.16100037018467,28.5683013184462,1.26425717924819,0.00660825462168221,0.0456133501027018
166,51.5093648455999,-0.160946705047577,27.6750366946217,1.27973536514454,0.0234771655849906,-0.0359803962909036
166.5,51.5093663317669,-0.160967702324044,22.2302635686938,1.24118966298784,-0.0054305317919129,-0.10968467520774
167,51.5093612615763,-0.160987593011823,30.6482976647094,1.24143173296308,0.026111509581937,-0.0233871213519366
167.5,51.5093896920701,-0.160987831556394,27.1231748827267,1.23036463831992,2.56233575112289e-05,-0.0337751096972786
168,51.5093979737121,-0.160929514654215,26.7743286006153,1.24696954162082,0.00927914707780434,-0.0835239406347094
168.5,51.5094171197076,-0.161010582740022,23.004450622946,1.25598222142085,-0.0131766558198485,0.0149964581160108
169,51.5093965095795,-0.160962124777697,27.7656678489875,1.27780389010941,-0.0271760168436828,0.0169613379255522
169.5,51.5093807546918,-0.160956201163209,32.9068889634218,1.25285183318129,-0.00692300821200753,-0.0328894087120021
170,51.5094431447124,-0.161001254667146,22.1050085518509,1.23181414704379,-0.00829395853551561,-0.0266783722937855
170.5,51.5094195689713,-0.160951803982489,27.4753139838576,1.25584260705205,-0.0125401821239699,-0.0476756715720388
171,51.509428985173,-0.160972711079576,26.8026337674819,1.22119994220898,-0.00361355481410456,0.0305166713296341
171.5,51.5094647299775,-0.160985921408611,29.4402670697309,1.2260617127502,-0.0136933516660351,0.0288371784147192
172,51.5093975759598,-0.160962402437512,30.3493847411592,1.24419310173338,-0.00562327092281832,-0.00413285231708462
172.5,51.5094564924367,-0.160994705875714,27.8650176089723,1.25033624666226,0.000902904913895916,0.0696505916509052
173,51.5094614044829,-0.160987584793617,26.4559130617417,1.22647764546663,0.032942163494988,-0.0370900916535495
173.5,51.5094670175177,-0.160928781897814,27.7531575523317,1.24340285991563,-0.00143866833382411,-0.00683202010402034
174,51.5094440600596,-0.160947501374684,28.1846323770005,1.25857000921819,0.0168820158792801,0.00834596297750353
174.5,51.5094702533254,-0.160963935202463,28.1349924525712,1.27034903955266,0.019405424589835,0.0136527837557741
175,51.5095115642028,-0.160945614921733,26.9277099117171,1.22042336926197,-0.0167498660630297,0.0112672990583841
175.5,51.509514310271,-0.16099608475485,22.0640010542702,1.26864097170594,-0.0104200654284021,0.0313129779827041
176,51.5094798201609,-0.160942880784771,31.2829327501822,1.26962588047192,0.0399710404353743,-0.0325643195785081
176.5,51.5094864668157,-0.160962315537502,23.1875048407819,1.27797663597181,-0.0120277480670377,0.0354659535957984
177,51.5094903656942,-0.160980576354261,26.3643303459976,1.22809083643606,0.0103848250908079,-0.00835690608975225
177.5,51.509495935629,-0.160945272957879,35.5795183742885,1.24656062095954,0.0407718945883821,-0.0105869306655669
178,51.5095032908176,-0.161000842480635,27.7265873129945,1.27298384904801,0.0279259173375027,-0.0253496750194876
178.5,51.5094948467319,-0.160965627804372,24.8687246595509,1.25331467974496,0.0194844899279649,-0.00542300476948604
179,51.5095353925864,-0.160984711015058,21.669105686713,1.24034103220409,0.0391197795849526,-0.0315790379399703
179.5,51.5095339904345,-0.16101851156735,27.1765033518896,1.21239153497507,0.0183132972178518,-0.0413596358377534
180,51.5095437656737,-0.160979664071487,30.9206979386508,1.24270662390585,-0.00506911341505437,-0.0476557695566405
180.5,51.509532428283,-0.160937230674382,29.6446289082523,1.23899627900215,0.0113594196379776,-0.0134727212406061
181,51.5095390526105,-0.160972615723226,29.7047994309105,1.24080840871997,0.00525838709202483,0.0538708997063333
181.5,51.5095452777019,-0.160953327679414,20.6650930186734,1.24459088589814,-0.0156534008458957,0.0333038943325942
182,51.509542245816,-0.160953046978217,24.7253641632851,1.24896616131565,-0.00773378781630679,0.00889244980634016
182.5,51.5095696575108,-0.16096612964299,27.5391028786544,1.22810865710102,-0.0141502666203956,0.0148204901222395
183,51.509573455083,-0.160940390006822,27.2639761730097,1.25727513132629,0.0222129124372796,0.0196217141180641
183.5,51.5095837303083,-0.160988077104835,23.6462248542812,1.2648806108509,0.00284533003155877,-0.0119362224840151
184,51.5095639429378,-0.160987591843518,31.1619741222821,1.22726258762822,-0.00795503695297498,0.0700894448923335
184.5,51.5095811859228,-0.160931151683149,29.2747840229422,1.23117746268749,0.00906757369915588,0.0590516649175584
185,51.5095930952362,-0.160992929155496,25.4966056153644,1.2671961622647,-0.0266492695547093,-0.00715650401750366
185.5,51.5095820608633,-0.160925598339617,23.5552993300371,1.27206408785158,-0.0476402598868962,0.106110038651413
186,51.5096204202928,-0.160955543094308,23.1989487998653,1.24962374620988,-0.0144400756577434,0.00681057822429019
186.5,51.5096345727857,-0.160986612296877,21.1426156128291,1.24818765925491,-0.00269721577597051,0.0144540287220676
187,51.5095946493155,-0.160956046851248,26.4737654551864,1.18729722210417,-0.0188069263603448,-0.0667377486566445
187.5,51.5096370842865,-0.160959460756892,24.961796290474,1.28164266579642,-0.00916842546823925,0.00885099258061473
188,51.5096147806003,-0.16099346351555,23.5874147112481,1.25964623444698,-0.000188668736023221,0.000827619704124131
188.5,51.5096386183253,-0.160953476015699,31.2598046720959,1.00251969214834,-0.00538215793369108,0.0639767795914419
189,51.5096283143676,-0.161001709143242,27.2597729007248,0.752908399607357,0.00490024104060452,0.00182280423037712
189.5,51.5096603338394,-0.160981964430107,26.4767830853816,0.495801015853527,-0.0129348518400666,-0.0195593449054171
190,51.5096525689277,-0.16094912471686,33.3939219915774,0.229368890688669,-0.0300277423920621,0.00648792748249916
190.5,51.5096149057244,-0.160910056572881,21.0533175030723,0.257862032661169,0.0550385128827443,0.0328234856083108
191,51.5096125036206,-0.160952433610995,32.123049642425,0.218505554937447,0.133885221747575,-0.00171030140498732
191.5,51.5096311864103,-0.160940722788582,26.3217443353496,0.168113086992786,0.179098312159041,-0.0109747487060478
192,51.5096205181672,-0.160955982224687,33.6877171108499,0.13971896608994,0.232485715395804,0.0233803726601761
192.5,51.5096559400546,-0.160973952045946,26.1297353296541,0.0951017825361698,0.239207997634652,-0.0354869112268368
193,51.5096528628834,-0.16091549931972,31.5383347144816,0.0182555746794734,0.229360174141986,-0.000199425355225023
193.5,51.5096449697891,-0.160929646998708,29.2255259628873,-0.0583624964238637,0.234743098509842,0.0341159410366042
194,51.5096402556035,-0.160958975984628,25.8646086477675,-0.155021173495796,0.216532682009202,-0.0561006336877676
194.5,51.5096342806033,-0.160974807753133,30.2589129903354,-0.187225568346554,0.1812820483997,-0.0390469959993197
195,51.5096456147893,-0.160969113894794,26.5187002071179,-0.185231091978487,0.121334018715215,0.0169199405353292
195.5,51.5096127357996,-0.160923869492373,36.317858372815,-0.246351559870727,0.101851657913235,0.00388309495472159
196,51.5096410610661,-0.160934824136022,28.1809530388564,-0.235743290483747,0.000145558388916954,0.0247506825530244
196.5,51.5096272618286,-0.160944048238361,27.6061573561747,-0.51804750717542,0.00566854737834252,0.0231228601655701
197,51.509642935249,-0.160990298911635,25.3968025182839,-0.761045326920774,0.0150858360298914,-0.0668302310060938
197.5,51.5096330162996,-0.16093780597083,28.7809157124721,-1.0154096558114,0.000138890850818609,0.00371555666550901
198,51.5096437123254,-0.160968512761076,25.2949087761808,-1.28720169053188,0.00431132000968716,-0.0225199880572143
198.5,51.5096149850705,-0.160991107257136,29.176564386813,-1.26152367990569,0.0237032720067468,0.0697696029620183
199,51.5096184575336,-0.160918940662435,21.5387615053914,-1.22032480504347,-0.0238111148991908,0.0221988323161075
199.5,51.5095935071225,-0.160965871795945,27.9165749384556,-1.2449984988865,-0.0194020970074096,0.0141205765706123
200,51.5095865920578,-0.160944652846941,29.6649148666766,-1.24556961937557,0.00832552354322159,0.0128605277513785
200.5,51.5095832235662,-0.160954411397788,25.6587743689306,-1.27634661010417,-0.00547265513573811,-0.00482308175098455
201,51.5096051748845,-0.160984520664102,22.9131214001682,-1.27318320658178,0.0196542864558231,0.0040166652660917
201.5,51.5095832307149,-0.160962666318787,21.6722773842048,-1.24964469325647,0.0269826197577832,0.0289561439562637
202,51.509559139449,-0.160969201454141,29.0083908105735,-1.24257297721986,0.0226549299621287,0.0217722206405656
202.5,51.5095702403293,-0.160919916388668,27.4394782201853,-1.26627719345549,0.0264779968301267,-0.0076819060191573
203,51.5095986484001,-0.160952925523356,22.131280282978,-1.26986541790272,-0.00158729814061641,-0.0196899970791101
203.5,51.5095449049421,-0.16094069756719,32.2142669211607,-1.26370682527903,0.0105537934817293,-0.0523412736690151
204,51.5095482140609,-0.160962345454416,31.3185271502007,-1.25117484999669,0.0245675045219601,0.000680583975825201
204.5,51.5095460662057,-0.160940001772784,27.9018491476309,-1.25233182451965,0.031047261461018,-0.0634197567407229
205,51.5095667869642,-0.160935971136954,18.416537807323,-1.23112586928614,0.0170146518986968,-0.0790648899170116
205.5,51.5095427633461,-0.160961291438984,30.9692599582486,-1.23148079615421,0.00889242851612785,0.061104703210445
206,51.5095008895382,-0.160926824371542,29.6150262313895,-1.26682967497409,-0.00957691599835499,-0.010221064682279
206.5,51.5094961753015,-0.16093742734834,32.7651477074251,-1.23634005273942,-0.0190998955071057,-0.0410338693638081
207,51.5095183746358,-0.160965268531125,30.9384926189668,-1.24219895167561,-0.0244260423532899,-0.0332561613166882
207.5,51.5095397805184,-0.160981124357043,25.4300945687573,-1.24274753566854,-0.0245257933464167,-0.0470552657929173
208,51.5094819738239,-0.160947577435244,31.1544430432841,-1.24979708106348,-0.00803660348224761,-0.0410664873940589
208.5,51.5095079248295,-0.160963633506897,29.268354380969,-1.24767938567043,-0.0425686494146244,-0.0548116467294951
209,51.5094813639885,-0.160926545178509,33.2044463346247,-1.24271961850589,0.00384620898645154,0.0387409059305274
209.5,51.5094926706233,-0.160942023829007,24.3413291920442,-1.2614014558235,-0.00715482872355672,-0.0046953738941051
210,51.5094929690527,-0.160959010584614,26.746255507227,-1.26067717370478,0.0249196536166549,0.0215963849715536
210.5,51.5095048625292,-0.160952080464963,27.5924623550382,-1.25488248585171,0.0385338867245069,-0.0290148192145337
211,51.5094760727331,-0.16094098976428,28.3976980361622,-1.26357919483503,-0.00814789991989702,-0.0507894560717968
211.5,51.509431183353,-0.160924858655024,28.0661437755916,-1.27151281704078,0.0370943348550151,0.00517407344730911
212,51.5094501373299,-0.160940936476314,32.6800097601954,-1.25192163640636,-0.00835235325304313,0.00611723595146385
212.5,51.5094618411427,-0.160993706478431,26.715639147209,-1.25283553031607,0.000609049449510157,-0.0678216891011948
213,51.5094641288128,-0.160987826616706,25.3400642436463,-1.22951344804527,-0.0520631942128758,0.0757345769505442
213.5,51.5094451196786,-0.160998612956706,28.2807523310184,-1.23747116393909,-0.00524592973602661,0.00824636626653572
214,51.5094164786548,-0.160947235676745,29.3665829519741,-1.25596913246063,0.00440948499391837,0.0680299332200081
214.5,51.5094618839284,-0.160963164686536,29.3264194708318,-1.24051607513823,0.0114732806995841,0.0760548995405889
215,51.5094478480283,-0.160909702488163,20.0779746402986,-1.2213804219537,0.00337219755761914,0.018272385793078
215.5,51.5094444834845,-0.160956856133631,20.5349240389187,-1.24906193027717,-0.0144455353022235,0.0173237695297603
216,51.5094146140446,-0.160901353284813,29.4197824124712,-1.24738442560566,-0.0212658458092972,0.00383090688394963
216.5,51.5094230407346,-0.160924669760112,21.4318670481443,-1.25235194965165,-0.0106516437975596,0.0516797750642514
217,51.5094151184444,-0.160945107365491,23.0695286833216,-1.23610777024592,-0.028297385089643,-0.00796883419658021
217.5,51.5094097137315,-0.160941057931903,29.7534968643449,-1.26795299991312,-0.00851079991284241,-0.0168901912280261
218,51.5093839914643,-0.160959890439538,29.5309514645487,-1.24467896896251,0.0140133697871446,-0.0436742593793861
218.5,51.5093881586838,-0.160946526855162,27.6924349402543,-1.24333806238545,-0.0238444665431669,-0.0567777065352929
219,51.5093967845858,-0.16095852791174,26.3619580166414,-1.26740927274854,0.0157602169239454,0.0113192513899146
219.5,51.5093770281452,-0.160920242594913,33.2504361961037,-1.26392652352247,0.00761731695859115,0.0235334276445756
220,51.5093702417964,-0.160941083050163,29.5288372633513,-1.22155559390066,-0.0158156151128466,-0.0201271469768463
220.5,51.5093674496097,-0.16094280237294,30.0170101402327,-1.2710997262285,0.0145428524186794,0.0224203526004917
221,51.5093486660184,-0.160981843454146,28.5249757294077,-1.25265311696443,-0.0153235108943819,-0.0855971020331979
221.5,51.5093301321551,-0.16097667548272,28.0729518539738,-1.24307647674113,-0.0110651271520485,-0.0181000620021761
222,51.5093613118802,-0.160959375672323,20.1842474208679,-1.25102366702292,0.0218860048949095,-0.00809250804352712
222.5,51.5093428351257,-0.160940016588452,28.4911393430084,-1.25647994620262,-0.00818554544639695,0.000521836233990106
223,51.5093654692673,-0.160976532129205,22.7096059755422,-1.25419827885789,-0.0161967430472447,0.0179471935925198
223.5,51.5093429280472,-0.160956914512396,23.9543810877949,-1.25402263270667,-0.0213955334482263,-0.0118167212516894
224,51.5093455623278,-0.16097212343881,24.926891397452,-1.24024808730132,-0.0107831511613534,0.0323785881829042
224.5,51.5093309364733,-0.160958643142162,34.5043322760612,-1.24954093308972,-0.00604777999010905,0.0321584554874718
225,51.5093165703436,-0.160947729608452,29.102038544137,-1.24931455204009,0.00679005056371304,0.0169545900193234
225.5,51.5093315423052,-0.160962411224651,34.6544989543036,-1.24799780018544,-0.00424837905486341,-0.00128473521193216
226,51.5093193810768,-0.160979301069735,28.6246618777514,-1.26250001642043,-0.00703493806412585,0.0400166297430402
226.5,51.5092856804019,-0.160954682904046,26.5912061929703,-1.2443661845725,-0.00373152260249495,0.0284066862674217
227,51.5092934298437,-0.160957500052929,27.2394279881846,-1.2441635433748,-0.00833281340529316,0.0559684745798269
227.5,51.509266903949,-0.160955845185874,23.8961201063357,-1.01698511623071,0.0173005179812589,-0.0407347056630515
228,51.5092847401089,-0.160952028213965,27.0024870650377,-0.769415481175085,0.00242462411737668,0.0320421419720988
228.5,51.509287951349,-0.160977573412062,30.3506775544956,-0.520023187850622,-0.000162824858502518,-0.0399201382785097
229,51.5092649906346,-0.160948021627107,28.8951272689737,-0.249703580896604,-0.0203976894129497,0.0437126853376458
229.5,51.5092874203191,-0.160958027111826,25.157723339973,-0.229379926066948,0.0894823727542338,0.0137201134496572
230,51.5092595022773,-0.160963048912289,33.6102299299091,-0.236173309811419,0.134792559075188,0.0149860104738512
230.5,51.5092652995871,-0.16094680304027,27.7365256666671,-0.199324287863403,0.178910501833897,0.0205205710734683
231,51.5092987762028,-0.160950729425743,28.7672300364356,-0.107393678208111,0.229487544492073,-0.0116296825998754
231.5,51.5092774490848,-0.160946917546349,29.0887832546141,-0.0667661200939255,0.242319105715284,-0.0306737208249727
232,51.5092969514166,-0.160941499482658,25.0338684865274,-0.00350668462096388,0.248968610456737,-0.0616522918076953
232.5,51.5092680474211,-0.160922727981383,26.6958227467258,0.0621414951513265,0.264233501734557,-0.058021020492657
233,51.5092650276459,-0.160903604029701,34.7305050634313,0.148423450841869,0.215043967920625,0.0410215492082909
233.5,51.5092898963628,-0.160955482013307,27.1495528640226,0.156614554475818,0.181979097561397,-0.0272577218935105
234,51.509289677034,-0.160950912966121,35.4480636215303,0.20982837048201,0.121713918477306,0.00479025965391906
234.5,51.5092919123844,-0.160968964489567,20.4865989908576,0.224293486999152,0.0667726016174369,-0.0415104716863168
235,51.5092775411123,-0.160914320464592,29.238149544457,0.240590151161049,-0.0232736885539276,0.0934596253254784
235.5,51.5092659119313,-0.160933119789782,23.5889621940441,0.502062564202869,-0.0103806667807917,-0.02411254976597
236,51.5092963750422,-0.160959093268979,31.0122796725482,0.761623846764199,0.000860308041435452,-0.0312407480824303
236.5,51.5092923179925,-0.160950467173279,25.2200843677856,1.01703205167399,-0.0155473468191521,0.00435033279508245
237,51.5092872030101,-0.16090417987746,30.281168027781,1.26264427624237,0.0137382653780975,-0.00494533372426222
237.5,51.5093189977992,-0.160967361351324,29.6222438162658,1.24579883604646,0.00907105979179082,-0.0468011946674149
238,51.5092957409934,-0.160943395710755,24.6433354220353,1.23519297249535,0.0246943866533526,-0.0517989768055605
238.5,51.5093187781484,-0.160962338549599,25.6946193333715,1.24088010989749,0.00895450385923624,-0.0142376909950507
239,51.5093322305007,-0.160955221101716,27.7214296790771,1.23793610578533,-0.0440680934975411,0.00882988763528904
239.5,51.5093158053005,-0.160934201223811,23.6745370968711,1.24885716237771,-0.0243753120330036,0.0390532861348077
240,51.5093273941838,-0.160903193471423,29.0338773401454,1.24939869419152,-0.024229963672094,0.0483453463749177
240.5,51.5093267460616,-0.160899599838949,28.6219953417312,1.24665802220656,-0.00640927511156819,0.0489736395519576
241,51.5093178259121,-0.160903829323703,21.8371048248373,1.22737220703732,-0.00209661175553468,0.00319557515675167
241.5,51.5093667661516,-0.160920714943162,23.1350420515519,1.25533735401857,-0.00287514219168976,0.0372685005824092
242,51.509366291518,-0.160949193071304,28.4158024364151,1.21572620062749,1.14128246956695e-05,0.0362597594052328
242.5,51.5093795322232,-0.160928988810074,26.6971269182395,1.22878708243314,0.0318427929402809,-0.0310110493273102
243,51.5093849380137,-0.160958396049577,26.7303244234063,1.25980309261855,0.0103569121767958,-0.000507282838277899
243.5,51.5093631326452,-0.16095223687994,24.9259784142487,1.263363489118,-0.029649580415486,0.0247648858973769
244,51.5093675362964,-0.160950040337397,31.3677277455572,1.25984343545518,0.0105277133533549,0.0352408491820118
244.5,51.5093839584128,-0.16095806556583,30.174758172594,1.23435919648673,0.00174774415466951,0.0391942291985558
245,51.509370637408,-0.160944657364526,37.1648976791184,1.26101333548462,-0.00710361553282015,0.0763824408789743
245.5,51.5094066363525,-0.160901091503091,26.4472408927977,1.2648450225267,-0.0349673133224124,0.0245879883458325
246,51.5093996716821,-0.160920910723602,26.9306482502725,1.21020448377056,0.0220962525504733,-0.0230352237401323
246.5,51.5094202075344,-0.160960260113789,24.0038363088388,1.25026276971514,-0.00650347947437558,0.068599892171371
247,51.5093955971398,-0.16092827098804,28.7218302180991,1.2466958474031,0.00133006476415846,-0.0221379835851417
247.5,51.5094210385215,-0.160904211729588,25.2484013822395,1.22856440972417,0.00652292243310183,0.0167963829400254
248,51.5094109992552,-0.160969727291158,29.7559550188016,1.2507155678243,-0.0111673051696138,0.0202403633715714
248.5,51.5094299219994,-0.160968509689275,28.3267114954069,1.21717291381985,-0.00831031864510066,0.000704142921499683
249,51.5094150065486,-0.160937247589525,30.3776193924714,1.24887881119187,-0.0156014870808952,-0.0248039016315348
249.5,51.5094224287863,-0.160937907639302,28.9341774405912,1.23544400191808,-0.0277981190155118,-0.0333490705036059
250,51.5094539499009,-0.160928268745012,29.0020661912858,1.24785646074642,-0.0286334747383554,-0.0722051495621058
250.5,51.5094467036922,-0.160972253819215,28.2648883068468,1.21421375736393,-0.0344001476436554,-0.00115760349975415
251,51.5094737148303,-0.160918319904422,22.632064384874,1.2453633599768,-0.0366742882974531,-0.0231839258885894
251.5,51.5094542706972,-0.160987030742771,18.9340531239286,1.27198855660436,-0.0293422691968483,0.0551103581935
252,51.5094693703209,-0.160962195953826,26.6712978121359,1.25460375817013,-0.0216793169602958,0.0196981522052423
252.5,51.5094828998905,-0.160914768844376,24.8815236228984,1.26486534726287,-0.00616308801701905,0.0572896853069817
253,51.5094738756106,-0.160925103173513,29.9438293569256,1.2220119255842,-0.015245138988151,0.00849054905639716
253.5,51.50947382056,-0.160939165056085,27.2747553070076,1.22049432088379,0.0072299513313501,-0.063542250720221
254,51.5094888561047,-0.160952419482891,26.0777978079859,1.27026573024333,-0.0320287622206249,0.0490406020393738
254.5,51.5094779982685,-0.160909324771248,27.8625637080986,1.23512835972767,-0.027422481734579,-0.00331574536322739
255,51.5094836257576,-0.160996600453729,26.8481731263455,1.24070533032501,-0.00509680621441093,0.0205988427207891
255.5,51.5094970910761,-0.160950238798878,32.2031483459286,1.27165444708081,-0.0121874596119087,0.0427817960380467
256,51.5094682852255,-0.160901292905182,26.541837926954,1.26182781291689,-0.00168185369768626,-0.00256133536178689
256.5,51.509491972997,-0.160934943245989,33.6415942294989,1.24454068054423,0.0261296382453685,-0.0217334347155499
257,51.5095237351151,-0.160944556232563,28.3549995345529,1.2747031105867,-0.00209305500125857,0.0728811771717679
257.5,51.5095138548248,-0.160963805577404,23.6578519374598,1.25259438653679,0.017216878891642,-0.00450834099648589
258,51.5095378443253,-0.160976062171815,24.3434662644286,1.23548406787412,-0.0280163631366888,0.0409677298285283
258.5,51.5095365962605,-0.160939377270644,28.6415863703005,1.26736888833364,-0.00725715317404533,-0.0075480564287141
259,51.5095295903464,-0.160939068656041,27.4612254139502,1.21993233980185,0.0185808900466456,-0.0221879362083135
259.5,51.5095302988943,-0.160969962480685,25.3215745962225,1.25327985869868,0.0101155235504884,0.0161427280709284
260,51.5095584024301,-0.1609464872736,29.3934544341173,1.26547259760066,0.0205873207595597,-0.00290716374560077
260.5,51.5095853608558,-0.160925559741707,17.5977834158111,1.25080370054963,0.0359678266583593,0.00238938843817251
261,51.5095899297982,-0.160956833255466,19.68666847446,1.27827063708799,0.0596708963140068,0.0366601327458084
261.5,51.5095366942622,-0.160971489881435,36.521424931474,1.26789838016693,0.0466106673304673,0.0412020693838752
262,51.5095506631789,-0.160921848282189,27.0685051560868,1.2615308924901,0.0741259278996183,-0.0311352139706861
262.5,51.5095877960699,-0.160947248141953,28.6690426676068,1.2577339670821,0.0519422889822156,-0.0481099674647895
263,51.5096081944904,-0.160963596171506,25.3803952545859,1.27235015890963,0.0619816474950929,0.023360883820985
263.5,51.5095793290257,-0.160921926827189,29.903079883894,1.24707373127969,0.0347193053156572,0.00575658379496468
264,51.509578460875,-0.160926746868793,23.8803879162297,1.23059485497575,0.0205760143466761,-0.00875772144696039
264.5,51.5095817417269,-0.16090457429847,29.1528713991866,1.25274625588441,0.0222511488177674,0.0430520027725248
265,51.5096062861371,-0.160916946487594,22.2786765960045,1.22081985619387,-0.00182694883518667,-0.0565002406530011
265.5,51.5096275240171,-0.160950538166291,25.8403889620677,1.22544488997733,-0.00249592984691643,-0.0586387116002547
266,51.5096302239493,-0.16092226738811,26.3113548343536,1.25071119171181,0.0289303739600562,-0.0238561415035991
266.5,51.5096374691038,-0.160914663783745,24.6221610810608,1.01559498845985,0.00120741373861492,0.0277995828605148
267,51.5096715701297,-0.160940940642869,23.1439398420043,0.767202164096325,-0.0180012786159631,-0.0364749044550066
267.5,51.5096341117131,-0.160940542277832,29.7669405534398,0.507992276018538,0.0298686409015444,0.015791434129034
268,51.5096257993905,-0.160919423254297,34.6638407695573,0.255526105025768,-0.00716221006628818,-0.00281882732343542
268.5,51.5096162938991,-0.16096697756809,23.2788046458736,0.243881815603412,0.0213911451551722,-0.050200533342857
269,51.5096271365409,-0.160936968675942,25.065931786783,0.196159487601233,0.128256759320816,-0.00817821792756146
269.5,51.5096389734522,-0.160923017703784,31.8003990196157,0.207016869099239,0.184548265391099,-0.00291701372257252
270,51.5096441888231,-0.160919563937107,21.8046288078185,0.119217748680377,0.245722055799966,-0.00489326590414214
270.5,51.5096275602421,-0.160910030250048,32.840678227134,0.0692855373589795,0.226800480492391,0.00513581407169066
271,51.5096290060619,-0.160913391983393,28.3641772440169,-0.0059404059842838,0.265844791419864,-0.044922168026365
271.5,51.5096377911436,-0.160914677374975,29.2353277532384,-0.0539590084870114,0.239873779153239,-0.0110037194533125
272,51.5096549604382,-0.160932339979892,28.5574104790576,-0.149918246458018,0.266919640328694,-0.00543087854282693
272.5,51.5096428614907,-0.160897235120253,24.5833630000707,-0.179056053797408,0.197351937794685,-0.0766147720852189
273,51.5096154268325,-0.160954482791255,27.9305440108292,-0.240486336564478,0.136355738111156,-0.0376482593146098
273.5,51.5096370032582,-0.160945553522417,29.0549823455513,-0.206706687207538,0.031394737292386,-0.0080942134613446
274,51.5096438626924,-0.160928322465844,25.219276184449,-0.247951353176376,0.00797118438774926,-0.0729995267164555
274.5,51.509646047057,-0.160874751418011,28.4849792087916,-0.50986973711895,0.00127934316093682,-0.00495881404179079
275,51.5096387055376,-0.16097086468121,30.1091907399241,-0.743161115461889,0.00914727451254566,-0.0438226530352658
275.5,51.5096414335864,-0.160910133572598,27.0391327792313,-0.999507313294371,-0.0133970397383385,0.0198091879682416
276,51.509626449878,-0.160933072630282,29.1392425403465,-1.25817163939798,-0.00196440591388506,-0.0150984330071714
276.5,51.5096165816676,-0.160892069842809,27.7820086907595,-1.28064973196799,-0.00778106190032799,0.0339057484920786
277,51.5096155072317,-0.160925430712391,29.5597671291325,-1.26684501810073,0.0290520009879959,0.0421732802556424
277.5,51.5096205326414,-0.160929494151788,24.1781360832974,-1.2596543461894,0.0183960977030942,-0.0203040311663664
278,51.509571877869,-0.160882370904691,28.6603368506767,-1.26589460498258,0.0161225796929281,-0.0291372615549167
278.5,51.5095741694394,-0.160922875441325,30.2140185136814,-1.23426735791285,0.0116378356213511,-0.0117839259384922
279,51.5095724911326,-0.160902675352567,28.5595421034377,-1.25935737627081,-0.00502058788780529,0.0209296690488364
279.5,51.5096104860171,-0.160920717276008,28.5546265838202,-1.2621022619672,0.00899793598102242,0.053178606045847
280,51.5095569365567,-0.160932616938835,27.4819425831083,-1.26307683199016,-0.00263645277072508,0.0495362291481205
280.5,51.5095690485916,-0.160927365184102,23.4634265487548,-1.24988393387157,0.00220201499722058,-0.00323774870815996
281,51.5095437123129,-0.160913963307208,30.2661176018883,-1.24148207236604,0.0114323574639413,-0.0241302986867482
281.5,51.5095632986019,-0.160953005270006,30.2084687906317,-1.23513817111196,0.00916747227396961,0.0720150781882464
282,51.5095489768316,-0.16095701642134,28.4919495878275,-1.23047219968665,-0.0168405311743283,0.0398952981775873
282.5,51.5095723085208,-0.160923110791961,24.0948640124407,-1.23636077962877,0.00455799417121759,0.102174434069734
283,51.5095418871551,-0.16090219344834,27.7943393408787,-1.25309402549518,-0.0105702818235034,0.00191629959375268
283.5,51.5095424733502,-0.160906732317414,26.1368807412218,-1.25691116850459,0.00426591143561022,-0.0278697892484774
284,51.5095119900723,-0.160934909862839,32.2152451537549,-1.25100809183898,0.0132080464076377,0.0127933637004106
284.5,51.5095070247026,-0.16090195464259,29.0050910175778,-1.25554036684272,0.0228547886949782,-0.0236223829046288
285,51.5095140758811,-0.160928928733203,25.2347507281229,-1.23802837688321,0.0524882452877586,-0.0160483470960396
285.5,51.5095167454147,-0.160906341985749,24.6806748467498,-1.24798401497843,0.0566307895349411,-0.020534593246869
286,51.5095295773585,-0.16095005024133,24.1407016348094,-1.24568882632931,0.0649411777907179,-0.00895219603190904
286.5,51.5094714677378,-0.160894049817977,28.5572963382583,-1.24689493197308,0.0288070551328832,-0.0393302317363415
287,51.5095221960933,-0.160909304625449,20.0439295922406,-1.2704758187993,0.0538909961883561,0.0409169860901595
287.5,51.5094604263964,-0.160910985837925,20.9405509384815,-1.23499282074706,0.0346840699113118,0.0781104899229254
288,51.509480036681,-0.160930216537177,24.7645971968304,-1.28549039776194,0.0438291062599215,-0.0208723340285366
288.5,51.5095108492472,-0.160911704540787,19.9560729821678,-1.26291009684721,0.0120375393320941,-0.0122433958032122
289,51.5094734376809,-0.160918738848242,30.4303885018453,-1.26156664787138,0.0321367424913994,-0.00777882061480013
289.5,51.5094814257079,-0.160901256115355,27.3406439467799,-1.25943521180825,0.0161100368283893,-0.00766512366610808
290,51.5094553024456,-0.160908015878082,24.5200276249088,-1.26556015101848,-0.00949976500481012,-0.0279943246510958
290.5,51.5094469427812,-0.16090938227749,29.4517877220642,-1.26475828060661,0.00661298253709226,-0.0191506884497651
291,51.5094630155753,-0.16091103119194,24.9149028325919,-1.28231158041692,0.0112872586075791,-0.0128457572136676
291.5,51.5094670351975,-0.160914781111671,24.7598106488585,-1.23784113886279,0.000804366748413813,0.0514309117117415
292,51.5094227294478,-0.160926346511998,31.7580295517109,-1.27221966789676,-0.0160995522483324,0.00390167368067747
292.5,51.5094414846072,-0.160928725430176,24.17761176778,-1.27366812844598,-0.0106250337554661,-0.0275337761096735
293,51.5094418958808,-0.160931175264813,23.484355079243,-1.25427967782326,-0.00865397975443173,0.0234333661703158
293.5,51.5094288199972,-0.160943731947858,24.8289866021369,-1.24180796665572,-0.0291339788584386,0.0165355255960309
294,51.5093967119241,-0.160926037984062,28.7225849553943,-1.21907417085356,-0.0416457271260203,0.00931719188708781
294.5,51.5094123781141,-0.160941877797595,28.9519314446952,-1.25709162973657,-0.0224003940619199,-0.102884678476788
295,51.5094341699298,-0.160939403253471,19.7181778105441,-1.23898990222559,-0.0373257336186786,-0.0317914161905291
295.5,51.50939287198,-0.160929837853432,29.6046821160708,-1.22896029687112,-0.0464565365815572,-0.031946228293999
296,51.5094178670992,-0.160894611893178,14.4667991620954,-1.2730845907728,-0.0487537064812572,-0.123017580380778
296.5,51.5093842798598,-0.160931178734194,22.3503805531655,-1.23405025697177,-0.0120818517294031,-0.0675801105866039
297,51.5093965771694,-0.160921371246497,28.3553076884709,-1.25444585130296,0.0340329982927872,-0.0261821630566981
297.5,51.5093926960869,-0.160938752307511,23.1358008992393,-1.20597167077409,-0.0116178659238106,-0.0280614813461611
298,51.5093790097612,-0.160947278475937,23.3570546745323,-1.27543348694842,-0.017208373299513,-0.0378793697427138
298.5,51.5093549255988,-0.16091942672345,27.9481522717979,-1.2740808935211,-0.0292566687282077,0.00909864587906654
299,51.5093541961734,-0.160920619118747,25.6794639143627,-1.22865637663555,-0.0174252312844711,0.0440443944928047
299.5,51.5093807140833,-0.160916500021841,28.5737556882668,-1.23101714859555,-0.056750280606093,0.0761432578695067
300,51.509378619485,-0.160938908794434,27.2756416241173,-1.23128357706416,-0.0540388938253371,-0.0127012660796702
300.5,51.5093730064601,-0.160948805019912,21.8914284112398,-1.27896609311966,-0.00908407313846389,-0.000729016286661592
301,51.509305381103,-0.1609010715154,33.9061913618352,-1.25090086415982,-0.00255256630613673,0.0157887989028221
301.5,51.5093306297405,-0.160919947443982,24.1353451730683,-1.24782277461283,-0.0332186266396152,-0.0962652251302114
302,51.509306497812,-0.160928878999933,29.5464159399271,-1.24131085666809,-0.0190624094396045,-0.00706209138683436
302.5,51.5093166196672,-0.160888565018652,27.7001972733997,-1.23860662889696,0.00385125288352228,-0.0395417969157852
303,51.5093079625213,-0.160934545479276,27.4356806802098,-1.2147880192289,0.0113650970636441,-0.0049940757890353
303.5,51.5093197192663,-0.160908674811192,27.2742602238432,-1.25656188135167,-0.0197162265173036,0.002650581079261
304,51.5092856847092,-0.160949250500266,27.9348896178417,-1.21574060100816,-0.0115243048798844,0.0238682247966977
304.5,51.5093201861742,-0.160950543251479,13.1026489795186,-1.29123843317117,-0.00396983455113745,0.0230158417574519
305,51.5093286576169,-0.160978634263651,24.8350821440108,-1.26149722087294,0.015024508891102,-0.0246037027282195
305.5,51.5092807688971,-0.160925107680998,26.166767856339,-0.973347580579933,0.00100250327313776,0.0277589964863548
306,51.5092839597752,-0.160931219129153,24.1611311135348,-0.77298257830609,0.0174010484624362,-0.0478260258185947
306.5,51.5092680927175,-0.160894884625554,29.3918909018394,-0.509605303101785,-0.0353466158158197,-0.00942457293600103
307,51.5092905502844,-0.160896133096393,30.1938445225824,-0.245145758820173,-0.0134636573700822,-0.006454110550978
307.5,51.5092907467784,-0.160980548066344,24.9884413129184,-0.239446331639729,0.0719332157244675,0.00744035952475526
308,51.5092599672778,-0.160904710854647,24.5245125491638,-0.197276583052366,0.113198432478198,0.0260349067502793
308.5,51.5092990086234,-0.160942277457752,26.1775218509138,-0.156611755206906,0.180424321306648,-0.0255020352235797
309,51.5092978744323,-0.16091724860609,24.7988568739966,-0.116571529279085,0.229492544245349,-0.0342230805448432
309.5,51.5092911449521,-0.160906630443386,29.579708813224,-0.0764877496940524,0.24434222656875,-0.0292578246596938
310,51.5093046834508,-0.160971137520589,25.133295877371,-0.000744660904338453,0.216231831471775,0.0115258916856069
310.5,51.509266464277,-0.160914799320335,25.2294203585479,0.0797124155358395,0.242680702050655,0.0270400089207094
311,51.5092724037345,-0.16085715163077,30.6216296043713,0.0953597604128096,0.238322132987672,-0.0193807242573017
311.5,51.509289256445,-0.160919514653491,21.2888560157735,0.141396458314927,0.178530623342889,-0.0191814910741333
312,51.5092791886307,-0.160911606069371,33.6627291648183,0.226299155781464,0.129899824159907,-0.033441077700984
312.5,51.5093122160337,-0.160925614129556,26.383286990691,0.207202528473073,0.0897817777914142,-0.00168056771574892
313,51.5092816368703,-0.160852328355436,26.0186972275842,0.214577990323853,0.0148740938327223,-0.0336819321836621
313.5,51.509270392222,-0.160864758156256,29.5110358337406,0.492536928024097,0.00130608292716311,-0.0047353095898652
314,51.5093152884461,-0.160899110644968,26.9922467698343,0.742072484812949,0.0138988914606532,-0.036817391855241
314.5,51.5092913143107,-0.160925103463306,21.5225067816209,0.970365012010163,0.0020684547304433,0.000806680714342768
315,51.5093236902333,-0.160923129142614,22.6431770261843,1.23510715694369,-0.000533197596536277,-0.00193645705363875
315.5,51.5092910826025,-0.160925236913256,24.432362063555,1.23945472195978,-4.79019416992374e-05,0.00241136339900614
316,51.5092854735273,-0.160904329791413,28.3192125433125,1.23195472347901,0.0332933816512926,-0.0323634330676042
316.5,51.5093131267475,-0.160892840492393,33.859635242261,1.26445084342178,-0.00526781488328409,0.0141667455865023
317,51.509293452355,-0.160924729817579,24.8405038428027,1.27204246624959,0.00814467933580675,0.0138054200327943
317.5,51.5093399566164,-0.160944606982918,24.3131139879115,1.24905482838694,0.0266848184616546,-0.0128704905489564
318,51.509328542017,-0.160882163060898,19.2665472028311,1.24417250572257,0.0135652361645315,-0.0499993779592981
318.5,51.5093344909284,-0.160954377800227,21.379729994107,1.25533710468355,0.00325456943954083,-0.0112713037772391
319,51.5093511794298,-0.160923538148437,25.1353882886469,1.25665619601269,-0.00533385490182821,0.00951714321936699
319.5,51.5093634464697,-0.160949753511255,32.4983313006815,1.24105716670053,-0.00565131560514978,-0.0345904100301239
320,51.5093320103261,-0.160922950962919,32.000478366157,1.26851235484607,0.00444022407677326,-0.0629743595273221
320.5,51.5093680730097,-0.16096115622975,25.1802604603581,1.26346759521584,-0.0022720141759166,-0.0128790662815378
321,51.5093780645568,-0.160931608665467,19.9249897962436,1.26025890917507,-0.0191540944474437,-0.0137563698302462
321.5,51.5093602311931,-0.160925211323877,25.4733365350403,1.2272203245455,-0.00644494988661633,-0.0126323625837045
322,51.5093626709246,-0.160900876494285,34.415606118273,1.21712204538289,-7.5780241427026e-05,0.0369784446835871
322.5,51.509375112522,-0.160921900122648,29.9870724184439,1.25194288343719,-0.0220915666921994,0.0540499816992396
323,51.5093829348715,-0.160924990863111,30.4213874819688,1.25503573747723,-0.0338236999915567,0.111140620381834
323.5,51.5093796490616,-0.160935409475131,30.77869252651,1.26246863398297,-0.022101911919098,0.0613720311585526
324,51.509394855909,-0.160915125560821,22.5819165206049,1.23118013294487,-0.000132730123007228,0.0211684051557267
324.5,51.509394418651,-0.160938177031797,23.3372966821771,1.25550945695479,-0.0231888478048469,0.0245705522696708
325,51.5094096258037,-0.160931708934959,23.0270182737149,1.27261114896055,-0.0516224523388307,0.00335778632041036
325.5,51.5094195748529,-0.160928173397911,24.7058231299743,1.26780994935575,-0.029432627980794,0.039659459513566
326,51.5094245822643,-0.160927551321545,23.671910623787,1.24656289544545,0.0266430247196557,0.023198763563239
326.5,51.5094202284497,-0.160898503212882,25.6274895363022,1.27864118229409,-0.0206665738964173,0.0828789954270588
327,51.5094207672717,-0.160933138252036,28.0586443634238,1.28827514089079,-0.0137311962664783,0.0739877875120482
327.5,51.5094258984155,-0.160911313937111,24.1020219549537,1.27105405777663,-0.014645597176677,0.0789065151947661
328,51.5094443607622,-0.160921227040716,21.3170794590842,1.20221993448067,-0.0140363289629632,-0.026833169403461
328.5,51.5094592166166,-0.1609105289024,27.0360430497676,1.25399253285831,-0.00776980653439395,0.00422839431500294
329,51.5094413397459,-0.160949429885078,30.351500159828,1.22480435687248,-0.0204519867880342,-0.0027528482624447
329.5,51.5094557501805,-0.160948159257332,22.7386045209132,1.26541372044844,-0.0214041073531189,0.016936136169307
330,51.5094261757387,-0.160893978292093,33.0508835229557,1.27607367336246,0.015172344346804,-0.00926785727611137
330.5,51.5094910452969,-0.16087891594049,33.3880832169671,1.24004056397657,0.0229487005242757,-0.0456269119469932
331,51.5094732264166,-0.160918132722578,24.9324480087962,1.23925989904808,0.0260451027298809,0.000499722682391145
331.5,51.509493152148,-0.16096003932403,27.505345714977,1.28379544798739,0.0322177903529301,-0.0101727081429159
332,51.5094934821472,-0.160894654170684,25.0825323408935,1.23055960140554,-0.00253275869236953,-0.021815999366505
332.5,51.5094849887856,-0.160921896745762,25.9365234393626,1.24189304408487,0.0116021787164166,-0.0226332520326762
333,51.5094793991528,-0.1609400487859,26.9687091007363,1.26526610122384,-0.0308534259172505,0.0230842483021256
333.5,51.5095108737101,-0.160880049633029,29.3544715822209,1.23273709506063,0.00628107957866956,-0.0578493386781011
334,51.5095150726696,-0.160850207797328,26.1755660064518,1.24320764294818,-0.000986917950662637,0.0322581582926774
334.5,51.5094988106193,-0.160906738306832,27.2320364487823,1.27230558442548,-0.0189373358521773,0.0472096999564317
335,51.509557020572,-0.160928880411449,18.6707695974037,1.24460642825066,0.00142990561330061,0.0414582306575648
335.5,51.5095039099186,-0.160890532363266,28.5662358230911,1.24947714391637,0.00909811055326913,0.0475178854587104
336,51.5095428737726,-0.16084193261192,28.5065234163776,1.24065894123719,0.00042189010390144,0.00750395386646348
336.5,51.5095397749154,-0.160869584830693,27.754424897721,1.22760782152187,0.0238415477782555,-0.0218133649398483
337,51.5095385948301,-0.160911818444627,27.0979011722375,1.27240291963852,-0.00304751748593205,-0.0152044410388614
337.5,51.5095353714084,-0.160914883931963,27.6675734512974,1.25147536884796,-0.0217755602212589,-0.00148133377552135
338,51.5095823549468,-0.160898652059365,20.9415874250699,1.25081742509296,0.0166915219870616,0.00653045098156189
338.5,51.5095319784238,-0.16089586372964,25.0368032583501,1.26190954311495,-0.0153700339244601,0.0388921280767739
339,51.5095800001709,-0.160897968159328,21.6235803000163,1.21915784876441,0.0134285021261707,-0.0281418828069654
339.5,51.5095781747675,-0.160918607356452,26.0085590903182,1.251652043327,-0.0106183338205382,-0.00630753124692758
340,51.5095610216908,-0.160911517985293,26.7674158844166,1.23587006257072,-0.0189710445389314,-0.0257662842218606
340.5,51.5096014426152,-0.160949021501745,25.174303476233,1.25731333780336,0.00380925955856304,-0.0066209837939651
341,51.5095720736183,-0.160880824759178,29.4685432058759,1.24694491751002,0.0246642350940637,0.0406861301802785
341.5,51.5096143882898,-0.160914143011484,26.6505001769401,1.27062674926796,0.000541246753370071,-0.0310762526730175
342,51.5096203585451,-0.160950429748413,29.4053704128601,1.27858496267669,-0.0159379831765217,0.0703175479997562
342.5,51.5095989033922,-0.160915922798236,24.0994552394841,1.24356932471022,-0.0101956165825185,0.0139240437593634
343,51.5095931425851,-0.160882443910253,26.9844532469288,1.23699509936641,-0.00414711230001344,0.0515160093866443
343.5,51.5096138084917,-0.160890788021627,29.3836905676872,1.22147994239011,0.0105457254937236,-0.0086739077023586
344,51.5096340212088,-0.160916593959292,29.974507535575,1.22598390829631,-0.0536546656823805,-0.038049607696099
344.5,51.509625344229,-0.160921449372685,24.4196234554984,0.972615191991463,-0.0143446960999382,-0.0282658993551408
345,51.5096603369791,-0.160912859330168,27.9678863040172,0.736702734471276,0.0143111669226311,-0.0247282014317857
345.5,51.5096437696713,-0.160940194525288,27.4021988869645,0.490935579229741,0.00934015526950479,-0.0305906940922714
346,51.5096246311715,-0.160920905042168,30.0326985525899,0.236651509429753,0.00815550861002106,-0.037387062833049
346.5,51.5096147726969,-0.160912798901828,31.3251762758009,0.208146668845124,0.0707293239527736,-0.00126429111830107
347,51.5096202965421,-0.160896042208757,29.4870512078051,0.180816594601044,0.128949220054177,-0.0171004857853961
347.5,51.5096320068479,-0.16092194769637,26.1265158609021,0.165218621764416,0.138638459453125,0.0552673442417578
348,51.5096603443895,-0.160917388384807,25.3209785006475,0.102240405827211,0.212753278257536,-0.0771460423755215
348.5,51.5096481140558,-0.160916417883513,26.3087282013148,0.0674207392418531,0.190792629998605,0.0350945409124834
349,51.5096294446263,-0.16091492060912,29.7006398928352,-0.0150347146043617,0.256120461278243,-0.0191026167895747
349.5,51.5096387570215,-0.160910252225557,26.905838844832,-0.0447238394140288,0.223143412973513,0.0446363098675048
350,51.5096259811659,-0.160894325339722,21.4184345141985,-0.108968296515301,0.189992826431227,0.0157706518108399
350.5,51.5096479112219,-0.160908791522773,36.2637855375651,-0.169052145805075,0.162628882485411,-0.0916703183126693
351,51.5096385397278,-0.16090901521177,29.0361163835041,-0.212587739164375,0.11336315770758,0.00649009585467394
351.5,51.5096527400689,-0.160895652109622,24.9087002810556,-0.23866762516018,0.0501972159963949,0.000262237903810996
352,51.5096171925755,-0.160927050706773,26.4636252461933,-0.242891059294932,-0.0110712250934856,-0.0135067645383806
352.5,51.5096138612957,-0.160906868928938,29.1802692285273,-0.513586466807825,-0.0127923568122759,-0.0328135537523521
353,51.509619098772,-0.160910846891683,28.9401047790889,-0.760763596217032,-0.0328429989243814,0.0555170094606628
353.5,51.5096475981438,-0.160901430908855,28.3863352714106,-1.04076360141509,-0.0216695134561973,0.00512476563533742
354,51.5096332952519,-0.160916123347531,25.6485063901637,-1.24425350529601,-0.0440497723848897,-0.0454575114004706
354.5,51.5096268895273,-0.160919355328826,28.9996579557192,-1.24176040973952,0.0169827975569147,-0.00822533692845771
355,51.5096259843138,-0.160914430912343,25.1202235752717,-1.2526164492694,-0.0143849187112227,-0.0496097157044205
355.5,51.5096301633215,-0.160905712387505,22.9303761725314,-1.24740747031217,0.00117675571839079,0.00830261939205313
356,51.5095975343833,-0.160896659045428,28.3007018943317,-1.25335531256963,-0.00717053129847659,-0.02989120620902
356.5,51.5095965544406,-0.160900139280273,26.7254590098746,-1.2326455770423,-0.0190447198289593,-0.0299436348109201
357,51.509567402889,-0.160910630387457,31.0383691382594,-1.27957233636044,-0.00433156389583348,-0.0330997212762097
357.5,51.5095888929072,-0.160905482363779,22.1900982509833,-1.27444555044876,0.0216746215289014,-0.105578740570453
358,51.509585467589,-0.16086149132225,26.636309101712,-1.26440554970844,0.0354558112059789,-0.0186356847457093
358.5,51.5095614808316,-0.160901938620756,32.2229212038219,-1.26524320503012,0.0370101970400985,-0.0448600248716764
359,51.509582779357,-0.160887192525499,24.9054081020877,-1.27615844637793,0.0118771693395133,-0.0483606442261929
359.5,51.5095439325721,-0.160835030050039,28.2442054841667,-1.27980821635499,0.0168026273628078,-0.0508533324170624
360,51.5095441183025,-0.160924950153783,28.1625537078362,-1.24810868971781,-0.00188352721560858,0.0254573361103667
360.5,51.5095487935472,-0.160886986122393,26.7798767071217,-1.26665794903449,-0.00338916836507785,-0.045596741101872
361,51.5095339230823,-0.160925994162523,27.1988220983185,-1.24709646525636,-0.0176189397982926,0.00225369737283781
361.5,51.5095425450637,-0.160895553749694,26.5389149549883,-1.24665374915189,-0.0114359234482563,-0.0388026819930489
362,51.5095240003933,-0.160887553358823,28.8890654826537,-1.26831508539538,-0.00259245035675291,0.0116438639305827
362.5,51.5095349248176,-0.160902097707229,25.4934920775704,-1.23469762911484,-0.00242864929718598,-0.0158666723903172
363,51.5095152364887,-0.160886524986953,32.5057006124407,-1.27618019303114,0.0112613307679477,-0.0775946499852024
363.5,51.509527295099,-0.160876104348882,21.7827697179746,-1.22377322029861,0.00122609077184618,0.0266530084825633
364,51.5094896578613,-0.160887949702862,26.2795259819832,-1.22982336382608,-0.00578933682007356,0.0296069707959412
364.5,51.5095137568527,-0.160913229007567,23.6722940551117,-1.25814137092758,0.00668633347862388,-0.011384001174915
365,51.5094981571292,-0.160865812591177,25.301538876025,-1.25942936638234,0.0169692243055298,0.00728583465189413
365.5,51.5094935872458,-0.160904827261583,26.8971759425476,-1.27246268061141,-0.00163046405549412,-0.073655056787833
366,51.5095103066365,-0.160924403154888,28.015475860564,-1.29162218413282,0.000171076875159661,0.00624796676150435
366.5,51.5094799968831,-0.160906882775372,22.6037136020605,-1.25394054978814,0.0133623275474861,0.00994602546890453
367,51.5094845999752,-0.160956665773246,28.2674795745406,-1.24690906746993,0.00561887446866613,-0.0160209050604505
367.5,51.5094420238089,-0.160898125408692,32.5041863673832,-1.26954289117544,0.0465479469992829,-0.0157700973441174
368,51.5094615274004,-0.160910863219492,24.9305022265762,-1.24901863695538,0.00834504438818915,0.0261834277430224
368.5,51.5094519702343,-0.160878060015698,31.3289827627596,-1.26068062635387,0.00166318439794973,-0.0450779598324848
369,51.50943866551,-0.160922530987159,25.8657846464776,-1.25955309937967,-0.030069089573107,-0.0187867364845378
369.5,51.5094609994234,-0.160922240668671,24.9482059197035,-1.25602474032605,0.0260214647175047,-0.0332219376353296
370,51.5094370616774,-0.160859940385656,27.6692760149017,-1.22876204514348,0.00578888412551604,0.0326909321220598
370.5,51.509446011702,-0.160919437783543,22.3100077479612,-1.22281893330225,0.00287773678828845,-0.0118448172052815
371,51.509414664909,-0.160886769272613,29.4839142698329,-1.25068489608581,0.000476822718930027,-0.025048872321545
371.5,51.5094140862482,-0.160885618165129,27.2604517373256,-1.23702631741201,-0.0225923878815272,-0.0497216396640914
372,51.5094005789213,-0.160896220560578,20.8568351510912,-1.24741717308727,0.00336998009003712,0.0216531804558586
372.5,51.5094362051841,-0.160904587731443,22.5098385345191,-1.24783600677606,-0.0222240982913847,-0.0277278318454785
373,51.5094352518754,-0.160870910338641,24.3295643902384,-1.25634308676162,0.0127707513382653,-0.00451953578843184
373.5,51.5094051238786,-0.16089939235359,23.3302844527643,-1.23971668781512,0.0333248291684004,0.0161341706089925
374,51.5093807494753,-0.160853796127248,36.017083281884,-1.24878034154988,0.0250013217045456,-0.025142683631585
374.5,51.5094180793039,-0.160936793029196,22.2460958661977,-1.25168275781779,0.0268559487306351,-0.00996866726949761
375,51.5093494261121,-0.160921537254885,31.6832164893858,-1.26668723578195,0.0288132026350121,-0.0904415617377852
375.5,51.5093599800414,-0.160926845097679,27.9609941509552,-1.24431407699325,0.0130743902464672,-0.0748810135847469
376,51.5093629401796,-0.160862327551384,21.4891125927679,-1.28120244756928,0.0246470793516379,-0.0443284862419878
376.5,51.5093939217642,-0.160878247218941,22.7899726999458,-1.25413227618904,0.0302359402408375,0.00699126222593067
377,51.5093433508157,-0.16091354936421,28.116729112342,-1.23466638429676,-0.0145392424799524,-0.0219528017778292
377.5,51.5093393865731,-0.160897585540028,26.9090970640536,-1.24138654532986,0.0111020665557284,0.042520811696438
378,51.5093435606623,-0.160935707346608,29.7246743999422,-1.23274067899308,0.00898679377155476,-0.0150108948437213
378.5,51.5093598506368,-0.160939835784073,22.3359037400223,-1.27820240524095,0.0228331711566649,-0.0271252638291169
379,51.5093459839554,-0.160943004333331,27.3421528751496,-1.25625155392963,0.00791776145801009,-0.013512468458333
379.5,51.5093263657873,-0.160897195331399,28.7584802836645,-1.26337187676942,-0.0399790661303919,0.0391562300128339
380,51.5093271545051,-0.160871103611069,22.5664515064564,-1.23638953532672,-0.0285769972540577,0.0883737487816055
380.5,51.5093068250591,-0.160885456449924,26.5441107144579,-1.27528341949338,-0.0324714936503474,0.0583541626577512
381,51.5093347007399,-0.160872221656363,24.9366173546296,-1.24075164727943,-0.0401033993426206,0.0796021296162502
381.5,51.5093293386106,-0.160895918525216,26.054711510893,-1.23230895613942,-0.00133786003353689,-0.00272419841816611
382,51.5093047486548,-0.160888022926463,34.5243099136278,-1.25705071313612,-0.0383371737477312,0.00241011702034663
382.5,51.5093151421202,-0.160932781254438,30.2673581510317,-1.24848583818522,-0.00197926761163476,-0.0153175551127956
383,51.5093142109455,-0.160896004039569,27.7374903226737,-1.24643970589578,-0.0439271099827286,-0.0245912069961656
383.5,51.5092943785405,-0.160862757176617,29.4333987445571,-0.997943079058548,0.00793891961144715,-0.00179500627830526
384,51.5092956633854,-0.160916556286847,21.499807034852,-0.743494425177884,0.00861966231410056,0.00204119223875281
384.5,51.5092906496904,-0.160897201788518,27.4854183702264,-0.511944857748976,-0.00648679528628426,-0.024987891461116
385,51.5092767641507,-0.160930983990874,26.4490983528085,-0.255582856476489,-0.016508530580391,-0.0178064549881368
385.5,51.5092730789206,-0.160896234581386,29.0630823136307,-0.26421317327319,0.0597797849615326,-0.033380514713968
386,51.5092653166923,-0.1608449098352,34.3067858202849,-0.23172291713628,0.134981051236708,-0.00350380733507157
386.5,51.5092846746077,-0.160862626696877,30.4101257298607,-0.178946019191688,0.151789621054967,0.0516580906590165
387,51.5093057662725,-0.160924195799517,21.6246091315988,-0.10406495718339,0.221886865774327,0.0355341757634935
387.5,51.5092722930346,-0.160927295217262,29.9209917131811,-0.0728893643693033,0.249864161306936,-0.00858360935711595
388,51.5092745401368,-0.160922861675373,27.3388428145554,-6.05416260220782e-05,0.281687931697309,-0.0125199248900516
388.5,51.5092721052207,-0.160876450959339,27.5915780866053,0.0583686060604638,0.242243539063394,0.00375693324796036
389,51.5092902795555,-0.160913787529056,23.3384372617584,0.123751882995913,0.232652796683488,0.0399003644081751
389.5,51.5092819430849,-0.160915137805058,28.9074257365428,0.18025357030608,0.1471381530756,0.000783696519106118
390,51.5092878313197,-0.160884008772158,20.7538514449261,0.170932867611713,0.130613670798703,-0.060712265052929
390.5,51.5092982512687,-0.160935070311901,24.5633638510481,0.242789947779017,0.0732693250376085,-0.0133306824422363
391,51.5092678613109,-0.160876318459462,34.8205207104329,0.275462426826311,-0.0205784932535236,0.0169547815970351
391.5,51.5092850378688,-0.160872341912827,27.5506974062882,0.485254486610874,0.00985941687208193,-0.0712570185974928
392,51.5092704417901,-0.160918139629005,33.9722202895209,0.76117695254086,0.0228991785603222,-0.01458039310825
392.5,51.5092980937196,-0.160917718782381,34.0745897192974,1.0049077264929,-0.00283519405869701,0.00139255414293436
393,51.5092841554104,-0.160887736337575,25.9880404162686,1.25868450793433,-0.024064709493398,0.0238048169822866
393.5,51.5093110083341,-0.160909767135462,26.5545695540495,1.25548016748265,-0.0066248853308454,0.076041985927893
394,51.5093422361181,-0.160892000371448,23.4530107136816,1.26646518776922,-0.0361065049209197,-0.0038442730758016
394.5,51.5093063429916,-0.160871204299673,28.2651299776044,1.24956886681636,-0.0635912556069574,0.0605307432587987
395,51.5093069334633,-0.160853170151957,24.8912830736954,1.23104248983426,-0.00949681111614895,0.0763007097820254
395.5,51.5092978204779,-0.160922192285504,28.2557533164509,1.24145329920211,0.0132342678137097,-0.0507620753908666
396,51.5093421301271,-0.160909367501077,20.0396063399967,1.23247844538328,-0.0336940153708034,-0.0481135022650806
396.5,51.5093348543742,-0.160865936495834,32.1907144992147,1.23469584459727,-0.0110835030906872,-0.0029529250779398
397,51.5093361900434,-0.160877779986411,28.6128548078705,1.23284462632061,-0.0415452496936655,-0.0428475246735372
397.5,51.5093385537933,-0.160848017411676,26.0441251816228,1.23156407318812,-0.0293986991636003,0.0408500066552602
398,51.5093725761653,-0.160903689438703,27.1668931499589,1.23801167570488,-0.020239058629344,-0.0923251565484658
398.5,51.50937321281,-0.160881227398932,27.3985419962555,1.26366839758187,-0.0123617300167123,0.0199957604222647
399,51.5093211275505,-0.160864292299265,37.4175422643311,1.27572143068947,-0.0379842256827106,-0.0150109712924932
399.5,51.509370570218,-0.160905223888338,23.8762821131386,1.23527113614984,-0.00278149893684458,-0.0406990149098302
400,51.5093613492848,-0.160903439347399,29.3847188507207,1.23799009170944,0.0317932904257167,-0.0231291907320585
400.5,51.5094009167088,-0.160856096368357,26.1520917585585,1.25844575214367,-0.0140064189220652,-0.03870470507714
401,51.5093773408006,-0.160904596905198,29.524946782738,1.20311436720635,0.0223013521174606,-0.0853437979283328
401.5,51.5093790363956,-0.160908265043984,25.7203092696145,1.25976356150427,-0.00298398702017812,-0.0564090265336353
402,51.5094018811716,-0.160851469106889,26.4786053134594,1.24333835453732,-0.0261970646021003,-0.0574300543948756
402.5,51.5094352302644,-0.160923990175609,18.3418560340069,1.23834946038618,-0.0431626885841599,0.00681498866391475
403,51.509418551459,-0.16088538138906,25.3887272414286,1.2539699637382,-0.0513014108431466,0.0232192022048163
403.5,51.5094449120385,-0.1608985242359,18.2923943903297,1.23726853742269,-0.0598327691828039,-0.0594595119612327
404,51.5094021043779,-0.160823446909453,27.210099382326,1.24872971286112,-0.0513681231338442,-0.0474630319537064
404.5,51.5094057816124,-0.160905371775114,21.5342770055868,1.25590955921849,-0.0337881028963463,-0.0357281543921798
405,51.5094312433697,-0.160859916504934,28.5801858697087,1.20352534515948,0.00172461727018202,-0.0247549332628032
405.5,51.5094604036782,-0.160908148020619,28.0204741028138,1.25295015258155,-0.0227805789895128,0.0168408778044048
406,51.5094148916127,-0.160892392068756,32.8100682809018,1.23686587878541,0.0105888064706456,0.00709163743151824
406.5,51.5094624644929,-0.160852290790124,22.5980549457017,1.24087967654971,-0.00109674965172723,-0.0102282659562879
407,51.5094425434966,-0.160886092166851,27.4659536497202,1.23306576609145,-0.00651623687505338,0.0531949093908181
407.5,51.5094574191256,-0.160884208231603,26.5829439975787,1.24553755990108,-0.00847682708473397,-0.0157314147632595
408,51.5094373272056,-0.160852098813063,26.9618487523403,1.27382958326364,0.00171601607037061,0.00489555854321687
408.5,51.5094740451148,-0.160876781712318,26.6935090690386,1.2630483341185,0.0252311961425881,-0.00105749914806548
409,51.5094811223852,-0.160894912674904,33.5113451953512,1.2131383788363,0.00555898954916438,0.0508260329821542
409.5,51.5094892634862,-0.160908451183218,19.7418733243831,1.27062883154383,0.0225724957427887,0.0143793198728371
410,51.5094927341829,-0.160902026028574,24.0455883273389,1.23342269497007,0.000426824868809286,-0.00885472315660557
410.5,51.5095001594424,-0.160852716165018,27.8304996308871,1.23204234688564,0.0247308199137927,0.0191946775847134
411,51.5094897550005,-0.16090251990532,30.8744889849331,1.2606002941472,0.0211763082700179,0.104618551661974
411.5,51.5095053878698,-0.160870753053407,23.5219618149567,1.23534566574922,0.0279690569634285,0.029962077659419
412,51.5095377378596,-0.160903455640786,18.4573463583365,1.25198334539915,0.00755089460157462,0.019926571814316
412.5,51.5094694192892,-0.160888792988241,30.0823688262608,1.2445064898039,0.0262352021908495,-0.0216501106634666
413,51.5095059222068,-0.160856744796657,32.5288589827251,1.23114645824061,0.0322227336508619,0.0139631560076166
413.5,51.5095205649282,-0.160878625830197,32.1147862293292,1.2572226336514,-0.000187537523869447,0.0192267336137314
414,51.5095268630915,-0.160906481151581,23.1332804288249,1.23801736642746,0.00825706030708261,0.0205259192613282
414.5,51.5095101257521,-0.160863484325316,28.4037286811508,1.23663855989023,-0.0173297041624588,-0.0290353739303976
415,51.5095627878589,-0.160892246219328,25.173594519496,1.22102467882355,-0.0170235514790921,-0.0728095628983646
415.5,51.5095440386515,-0.160954682541205,24.8620631957892,1.22107200526814,-0.0178653330363114,0.0297816793237136
416,51.509542104315,-0.160908920720833,33.8881022036076,1.26488047394431,-0.0340661422888081,0.00932333141689705
416.5,51.5095784750347,-0.160889781552201,25.9558090616483,1.21360732961239,0.0205892748730016,-0.00464393581217332
417,51.5095756198177,-0.160876713494692,26.5693288801704,1.24184332775807,-0.0294104209755893,-0.0748740664184036
417.5,51.5095936558716,-0.160872367197835,29.0525214453228,1.23383994743691,-0.0523538941284017,0.00929444267677972
418,51.5095890719791,-0.160948126933939,23.4759175123181,1.24512843579981,-0.0200399326268681,-0.0830567527382154
418.5,51.5095947879406,-0.160890678603807,24.5550764910877,1.25102800745989,-0.0202315631217592,0.00703016201464307
419,51.5095986654119,-0.160878756536219,25.3361446335912,1.2292730910928,0.00284212825527923,-0.0622170688248388
419.5,51.5095986748602,-0.160898380311694,29.0124624990858,1.22673060906674,0.0062257050234808,-0.033234000702894
420,51.5095665687856,-0.160863547049766,31.935078269802,1.23991027320217,-0.0191909603082499,-0.012655611228769
420.5,51.5095910293763,-0.160868705487092,24.2530438695103,1.22156889267138,0.0131746703331754,-0.00459103049303552
421,51.5096211120786,-0.160885058748112,28.7524703254458,1.26098024907149,0.0198379074474808,-0.023332830511693
421.5,51.5096051564093,-0.160882084245881,26.3116833139211,1.2376365202346,0.0206038655836222,0.0206915496055587
422,51.5096336328256,-0.160876366622162,28.0007815952413,1.2593547786,-0.00929014012265765,0.0809515441512422
422.5,51.5096210921773,-0.160917948770553,27.1260291107465,0.960750303198318,0.00856147062217906,-0.0386354635499297
423,51.5096501955611,-0.160889941278425,22.433149225777,0.735115375892929,-0.0122300827101054,-0.0273166695383049
423.5,51.5096339456337,-0.160924069710399,26.0681025036611,0.485360819752437,-0.00811567080585533,0.0378698465712548
424,51.5096340909866,-0.160882250506297,19.253024530597,0.291601843183012,0.0098923000946784,-0.00758566964385822
424.5,51.5096434118314,-0.16089588509619,24.8706108625047,0.1279284644684,-0.00502809167248543,-0.0200200927758425
425,51.5096259032974,-0.160870785701781,25.2882948471233,0.000481464740129865,-0.0105322231208602,0.00947621455168575
