0,51.5092869600282,-0.161032665924403,-3.322863860182e-06,1.22966990870427e-05,-1.54289229099499
0.5,51.5092869155415,-0.161032662503474,-0.0169205863518636,0.000802110345311842,-1.9439657331441
1,51.5092874992474,-0.16103268708713,0.232678433468434,-0.00639880269099717,-2.17313903065381
1.5,51.5092892515021,-0.16103265855064,0.500121763279258,0.0112603728201657,-2.86066159657504
2,51.5092918593512,-0.161032662898395,0.635978315147343,-0.00905258088620265,-3.77161436940945
2.5,51.5092953663904,-0.161032664070768,0.881007530605654,0.00596411454262162,-4.08662782177177
3,51.509299997691,-0.161032608982611,1.13464602955296,0.00868540317529775,-4.03488846721677
3.5,51.5093052141095,-0.161032506863309,1.17813380488749,0.0185687314605451,-4.38407773456679
4,51.5093111728222,-0.161032689620011,1.43420735840462,-0.0573510903010535,-5.23757174729859
4.5,51.5093168403492,-0.161032988769202,1.13623126304025,-0.0313610201816567,-5.50628234292312
5,51.5093223186652,-0.161033045021987,1.27876700616421,0.00912364961919596,-5.67158707105522
5.5,51.5093282354444,-0.161033017191918,1.34832941250108,0.00160309179856937,-6.10564693782283
6,51.5093343613239,-0.161033100457052,1.38290373103053,-0.0239158012538538,-6.80892740536753
6.5,51.5093404022019,-0.161033017336932,1.32243062831246,0.0369705133002671,-7.22955699820306
7,51.5093460692643,-0.161032858743124,1.21245138065206,0.0130962690138097,-7.48994953616251
7.5,51.5093519550956,-0.161032797292,1.39166279033491,0.00452704467897192,-7.78847607298438
8,51.5093578272655,-0.161032859012711,1.24765071357358,-0.0208910670306873,-7.8872744192235
8.5,51.509363735992,-0.161033226677286,1.38025959589063,-0.0843081333647772,-8.10559276633903
9,51.5093694602767,-0.161033548881222,1.18591361217561,-0.0232647319018193,-8.39616683928902
9.5,51.5093753247733,-0.16103317201134,1.41560354951064,0.12257787969936,-8.41220076263338
10,51.5093810758258,-0.161032406066008,1.16858028419715,0.111603391810299,-8.60625368105016
10.5,51.5093866737271,-0.161032019006795,1.31522585429189,0.0108018846771389,-9.11397482116711
11,51.509392264936,-0.161031840678214,1.16401517822775,0.0450938176109941,-9.74286549799803
11.5,51.5093979853482,-0.161031690263504,1.38832917635789,-0.00567186217081503,-10.3637999261383
12,51.509403715803,-0.161031715146171,1.16385145388492,-0.00170866265483351,-10.8874374356346
12.5,51.5094093928966,-0.161031736249985,1.38753384506335,0.00507722369604308,-11.1171847911655
13,51.509415140161,-0.161031776208896,1.17902535370879,-0.0195947527451231,-11.762205580152
13.5,51.5094207772759,-0.161031936753621,1.35700978023817,-0.045617891330998,-12.3327337482426
14,51.50942647351,-0.161032124620447,1.16449264862759,-0.0297483420606448,-12.7955140278113
14.5,51.5094320437978,-0.161032238173963,1.33305293759922,0.019194665707571,-13.1489719887197
15,51.5094376125848,-0.161032346223598,1.09680783329658,-0.0432762454045565,-13.4392760985679
15.5,51.509443024903,-0.161032744346006,1.34288408774459,-0.118460518153376,-14.2897068371002
16,51.5094487398865,-0.161033229900917,1.23662865719873,-0.0602690518067081,-14.9279567163842
16.5,51.5094543824361,-0.161033438779526,1.31337827842465,-0.00498317927077027,-15.0079673209795
17,51.5094600932971,-0.161033505030623,1.29145855292822,-0.0255224542095373,-14.7673491032854
17.5,51.5094658748318,-0.161033665654802,1.36954731828716,-0.0573752960271927,-14.8229047123866
18,51.5094716994367,-0.161033866190396,1.22839765993626,-0.0309299671203573,-15.0218732034642
18.5,51.5094773424986,-0.161034009236494,1.39261339052928,-0.0184260055720373,-14.8874643270522
19,51.5094831333554,-0.161034080185586,1.12503829724012,-0.0187012557074272,-14.5477003846951
19.5,51.5094886532826,-0.161034056299251,1.47772272470258,0.0453738082601649,-14.9033735651328
20,51.5094946511718,-0.161033847837703,1.11200905433852,0.0451971618558366,-15.2875474711465
20.5,51.5094999999132,-0.161033703202002,1.28550614915172,-0.012020749709044,-15.3604672186125
21,51.5095056284973,-0.161033684858548,1.19798633891179,-0.0143417699465699,-15.7997630642915
21.5,51.5095111046012,-0.161033680830942,1.30620969164171,0.0678843202928686,-15.8560693698044
22,51.509516794729,-0.161033565123382,1.16317208181681,0.0058644615804455,-15.9042401049537
22.5,51.509522209804,-0.161033637931519,1.19941746396373,-0.0637784906021252,-16.2703123439593
23,51.5095277522117,-0.161033908309818,1.25945055003217,0.0398933862550397,-15.9540608885387
23.5,51.5095333055799,-0.161033727365538,1.1684619269132,0.0304593649818313,-15.9633560567139
24,51.5095387275653,-0.161033590210487,1.31504868190126,-0.0458941054943401,-15.8099784953275
24.5,51.509544413098,-0.161033758547325,1.21161610001855,-0.0125921688441458,-16.0127305982915
25,51.509549931556,-0.161033849049239,1.33394800930642,0.0404502888737354,-16.2937381184391
25.5,51.5095556780576,-0.161033909032525,1.27950644242792,-0.00868531976400966,-16.3858444533229
26,51.5095613606867,-0.161033968161866,1.26585352786062,-0.00269041643931465,-16.4393903894553
26.5,51.5095670002484,-0.16103404241434,1.23873940475801,-0.0727766815176445,-16.5572215368234
27,51.5095724903505,-0.161034290304239,1.27308543440706,-0.0388748875821328,-16.5612688112439
27.5,51.5095781087392,-0.161034692382678,1.26477813031085,0.0794409533538878,-16.549442097528
28,51.5095837116992,-0.161034645122647,1.30247623612585,0.0025023024253281,-16.5262026644745
28.5,51.5095894052024,-0.161034823207642,1.24300448961733,-0.00460098086636761,-16.3093916738527
29,51.5095949714987,-0.161035012131729,1.28063480563497,-0.0688761464002652,-16.1214649642625
29.5,51.5096005902483,-0.161035314865339,1.26853537411394,-0.0814337042479608,-15.4321019278143
30,51.5096062276264,-0.161035567761547,1.27706457346646,-0.04698432750396,-14.9089803514179
30.5,51.5096118739774,-0.161035739066965,1.30396884701898,-0.0425912967423621,-15.0354165842402
31,51.5096176331864,-0.161035988277798,1.23493640353389,0.0424527634704421,-14.5901487937717
31.5,51.5096232075433,-0.16103587070099,1.23318417711238,-0.00644548637458793,-14.2598425609162
32,51.5096287494458,-0.161036060654897,1.24986708051714,0.0573413002776453,-13.5312693218369
32.5,51.5096337235401,-0.161036008995913,1.18278187688349,-0.00473592333578077,-13.8760435673676
33,51.5096380262017,-0.161036040077012,0.817874928716919,-0.0798613322192152,-14.4994531618773
33.5,51.5096408452089,-0.161036448592197,0.761294985691941,-0.0205965554028086,-13.7572451703711
34,51.5096430402731,-0.161036603851157,0.305605479476063,0.00600799809827108,-13.2528889543487
34.5,51.5096443610035,-0.161036379755222,0.14378559762435,0.0557255150293125,2.12109978089436
35,51.5096452858086,-0.161035765304375,0.278841051010269,0.138588641758629,17.4253427853716
35.5,51.5096464354623,-0.161034638308681,0.0871333212160621,0.152347761152709,32.8434603399862
36,51.5096468738418,-0.161033474144975,0.188731977183378,0.29083165824297,48.4450411749994
36.5,51.5096475343345,-0.161031668429286,-0.0228840049409671,0.214359132648452,63.5983074437772
37,51.5096475537196,-0.161030362088971,0.0312409208759924,0.375491886069013,78.4424952546083
37.5,51.5096475940445,-0.161028087438711,-0.123144422002587,0.142458581313018,93.0298296661232
38,51.5096471090985,-0.161026853033402,-0.130439711065032,0.329215047928578,107.628086943766
38.5,51.5096465133053,-0.161024977027272,-0.172025418403848,0.0988627834753417,122.609960154215
39,51.5096456148596,-0.161024224816144,-0.21727591859183,0.19530842926658,137.213650285457
39.5,51.5096447099903,-0.161023219044451,-0.300188963059324,0.0374601400820437,152.991131997369
40,51.5096434402063,-0.16102301540642,-0.200061741742371,0.0101177862807808,168.655541700756
40.5,51.5096417408779,-0.161022821728429,-0.414331229659403,-0.00943083181205762,168.963891934788
41,51.5096390383109,-0.161023035853375,-0.674703185339896,0.0122707288476714,169.068572701938
41.5,51.5096350902012,-0.161022845763175,-0.850036832719806,-0.0726410266630544,169.678280050599
42,51.5096303156962,-0.161022925701051,-1.13718627182042,-0.0868634929933907,170.095206499964
42.5,51.5096250467747,-0.16102328184786,-1.31123582573998,0.0741782381404546,169.895655911413
43,51.5096195496402,-0.161023080774302,-1.40379560881334,0.067102610618743,169.849415601612
43.5,51.5096137213093,-0.161022802755982,-1.26841947144025,-0.0508839575189989,170.221250406217
44,51.5096083146639,-0.161023095444372,-1.39264983931605,0.00549154547957925,170.572803053852
44.5,51.5096026289627,-0.16102303320486,-1.31712578238054,-0.0172199340943241,170.922023185164
45,51.5095968965752,-0.161023019782306,-1.28157694354084,0.0234306709190003,171.174981335074
45.5,51.5095912069588,-0.161023024482731,-1.22188146298449,0.00318251485235174,171.395912750702
46,51.5095858320899,-0.161022863154001,-1.41293152253585,-0.0608374822085483,171.687735120753
46.5,51.5095799867535,-0.161023314498917,-1.20819951325593,0.0230768922119312,171.937181129126
47,51.5095744766456,-0.161023581175831,-1.29828056668069,0.0537737176458107,172.047789259053
47.5,51.5095687689762,-0.161023703553352,-1.18438728640557,0.0403844510123266,171.861792078442
48,51.5095633250365,-0.16102379652732,-1.26586057121044,0.00636693167571446,172.203293445558
48.5,51.5095578054548,-0.161023664585973,-1.37407476091888,-0.0573602226023154,172.424692777952
49,51.5095520524301,-0.161023833666132,-1.2772442717994,-0.0697357313649619,172.475485611261
49.5,51.5095464298324,-0.161024062125844,-1.29008918386742,0.0815558854429383,171.770907119837
50,51.5095407438612,-0.161023690808071,-1.31182030169051,-0.0487000081438889,171.62140925548
50.5,51.5095350424178,-0.161023792177245,-1.27994048240672,0.0135935101419975,171.546013891315
51,51.5095293109788,-0.161024015564535,-1.28279307624133,0.118821645256308,171.752777162763
51.5,51.5095236651858,-0.161023546594476,-1.2812312700626,-0.024680043341031,172.126528297259
52,51.5095179096353,-0.161023325832416,-1.16658097144271,-0.0717802640353185,172.440528021903
52.5,51.5095126228674,-0.161023555876222,-1.3289483148084,0.0296366618495433,172.888512038819
53,51.5095069444675,-0.16102350097428,-1.2648678613251,-0.00968391937994713,173.454849432315
53.5,51.5095010818039,-0.161023241898983,-1.17505108504116,-0.111373615766908,173.651740532578
54,51.5094957814311,-0.161023491656354,-1.40525431548561,-0.0528402157144903,173.678348379555
54.5,51.5094896729106,-0.161023608163846,-1.14528040009149,-0.0342611578554168,173.915423254458
55,51.5094843414233,-0.16102388465825,-1.37628926119071,0.0599088557947878,173.877833544674
55.5,51.5094785861168,-0.161023656084272,-1.29597294163205,0.0385581819731775,173.248230144486
56,51.5094727693819,-0.161023640170361,-1.2010080606936,0.0274755575144167,172.725952422388
56.5,51.5094675260316,-0.161023629465973,-1.39899392982093,0.065397889252802,172.808022523843
57,51.5094616151969,-0.161023419833592,-1.22460278999752,0.00590781877773456,172.440522753503
57.5,51.5094563339877,-0.161023144929493,-1.42735088334532,-0.0217428124459855,172.10616486451
58,51.5094503924718,-0.161023062345294,-1.23976289838653,0.114031528600001,171.339230716843
58.5,51.5094448367784,-0.161022774307296,-1.28360678487646,0.106261546863408,172.180977680761
59,51.5094391151973,-0.161022331716589,-1.31028175683951,-0.0255889305798123,172.718072651169
59.5,51.5094334497336,-0.161022456016643,-1.32354400608483,0.0610352309065296,173.129030933604
60,51.5094276713794,-0.161022090029984,-1.24515422935983,-0.0138854360574996,173.817043105554
60.5,51.5094221697459,-0.161022153135188,-1.3671589045498,-0.0185581864655498,174.424204034808
61,51.5094164079744,-0.161022570304683,-1.29388858672735,0.0643591527902429,174.527016665291
61.5,51.5094107285248,-0.161022549936693,-1.24210611842835,-0.0292287030628809,175.370309983233
62,51.5094051731638,-0.161022760845941,-1.29574476088985,-0.0313747201147651,175.771612971124
62.5,51.509399489409,-0.161022945809494,-1.27389960572675,0.0114967719422073,175.402171528939
63,51.5093938539376,-0.161022842738871,-1.28257527018616,-0.117725290868763,175.769008802257
63.5,51.5093881856362,-0.161023066891188,-1.30861999399056,-0.0675822873349925,175.560005995518
64,51.5093824721791,-0.161023399137437,-1.25963518993018,-0.0416335999922082,175.343954668857
64.5,51.5093767759426,-0.161023447431739,-1.17576750345201,-0.0791530800862013,174.747786840905
65,51.5093713135255,-0.161023682673557,-1.32035597751865,-0.0168154443512259,173.620891680742
65.5,51.5093656028806,-0.161023473134282,-1.25288868374383,0.00257411407677068,173.485616357918
66,51.5093599665429,-0.161023162485276,-1.24902795100905,0.015089603900136,173.584223760255
66.5,51.5093543570987,-0.161023010109745,-1.28507838650508,0.0108103175108824,174.363569635199
67,51.5093487504218,-0.161022979389289,-1.2419678913546,0.0149185354499196,174.906130602908
67.5,51.5093430543892,-0.161023138811766,-1.18674683547437,0.0594377089078265,175.273986906699
68,51.5093378600913,-0.161022929876465,-1.37488914593591,-0.00604108714030123,175.390885246623
68.5,51.5093319098371,-0.161022865097612,-1.14295039147508,-0.0364293856820919,175.45669429229
69,51.5093266999388,-0.161023195969933,-1.37016323541608,0.0675629897834188,175.503510766506
69.5,51.5093206486867,-0.161022954651786,-1.1271954275485,-0.0188795011367052,175.216745093084
70,51.5093154318147,-0.161022926370465,-1.3994789591479,-0.0232157205291226,175.013888326994
70.5,51.5093094355109,-0.161023052643995,-1.2240672267524,0.0298911405093216,175.687549709936
71,51.5093038748903,-0.161023070874576,-1.27756968080071,0.0557825983513997,175.495593098712
71.5,51.5092991239518,-0.161022862807052,-1.24937618905379,-0.0473066417979943,175.161666183462
72,51.5092947949021,-0.161022921111939,-0.889771533268628,0.00467529978868894,174.736704835222
72.5,51.5092917591233,-0.161022918153405,-0.59413618264067,0.0531289836935163,174.299027145696
73,51.5092901938524,-0.1610226445932,-0.539056336931181,0.00429562850304751,174.245202969554
73.5,51.5092883463209,-0.161022319651757,-0.0916834453199128,0.0702373667634542,159.394437229161
74,51.5092877771615,-0.161021732244247,-0.317168595097963,0.139159391604754,144.382346355395
74.5,51.509286443025,-0.161020646031214,-0.00746386004021931,0.122143044546247,129.838615644729
75,51.5092861077684,-0.16101909689839,-0.139072142949216,0.173899057793185,114.840908430673
75.5,51.5092856362136,-0.161017966689991,-0.0382338501353982,0.38568744335777,99.7148217192543
76,51.5092855019473,-0.161015427055741,0.0396873627377513,0.154606438788339,84.6079826082572
76.5,51.5092856968174,-0.161014155135638,0.0815606247644747,0.314726474165407,70.4190862369665
77,51.5092861030017,-0.161012132115348,0.167711422619963,0.205462420018262,55.647531749222
77.5,51.5092868823156,-0.161010428474963,0.129979016990836,0.0994072500822648,40.8745505217417
78,51.5092874511807,-0.161009502998916,0.312294646997435,0.180332985296602,26.3329447317499
78.5,51.5092884535014,-0.161008530079386,0.280311060611922,0.0507260597373008,11.603376520546
79,51.5092893409955,-0.161008396953624,0.310927186830822,0.0297666422427336,-2.96853414395209
79.5,51.509291246195,-0.161008210539359,0.350126260613056,-0.0142600485810472,-3.42090184928943
80,51.5092936430521,-0.161008253739161,0.731349573013836,0.00236865767827543,-3.86966315960172
80.5,51.5092976990068,-0.161008046607377,0.840732089256106,-0.0382329279526619,-3.57583909362501
81,51.5093024441596,-0.161008325273462,1.1751011847616,0.00472164247140828,-3.68775352870675
81.5,51.5093078427255,-0.16100844987932,1.2806168225518,-0.00324078353714659,-3.43066274367345
82,51.5093133042736,-0.161008653730265,1.38880155918186,0.0179063538925699,-3.1991770548496
82.5,51.5093193276996,-0.161008757670736,1.22673751337554,0.00521492220509627,-3.19399695907692
83,51.5093246692528,-0.16100858940944,1.38623686064674,-0.0754632663140537,-3.31306322083666
83.5,51.5093305770425,-0.161008698208539,1.18799203950815,-0.0407782338673937,-3.10203976244521
84,51.5093359408278,-0.161009216606356,1.34343988978798,0.0382232307959959,-2.85736329144002
84.5,51.5093416295496,-0.161009331087447,1.34948373132182,0.0087887642962113,-2.99360498840051
85,51.5093474393096,-0.161009312136435,1.30920238832478,-0.00249284207920983,-3.21372575054643
85.5,51.5093530520783,-0.161009157546978,1.30067945295298,-0.0244101544678003,-2.72410849852541
86,51.5093588121285,-0.16100896116056,1.25474363735171,-0.0218719902840775,-2.68906101572207
86.5,51.5093642363852,-0.161009100302917,1.31750831956691,0.0551542833571937,-3.26555675539696
87,51.5093697575602,-0.161008793675989,1.30094178792796,-0.0637619967263796,-3.98876114396136
87.5,51.509375365129,-0.161009173677271,1.29343729436322,-0.0553278623411469,-3.79010692418896
88,51.5093810621739,-0.1610097640335,1.28169519632391,0.0487435451833109,-3.51949632591359
88.5,51.5093865361167,-0.161009993734966,1.3538431398678,0.0337454467197351,-3.32306805394686
89,51.5093923659674,-0.161009963420479,1.23410480816901,-0.0195015768850541,-3.43025975130651
89.5,51.5093978041477,-0.161010111874251,1.33327280762661,-0.0289250492285111,-2.98087239931378
90,51.5094034509287,-0.161010194981883,1.29399311686441,0.0343423579789759,-2.32879504428193
90.5,51.5094089826306,-0.161010273518437,1.30092789255493,0.0283706208782353,-2.62318203628367
91,51.5094146665292,-0.161010035972283,1.29316551578521,-0.0541708158069629,-2.35385657681501
91.5,51.5094202120117,-0.161010312160669,1.29642646361474,-0.0348093712667226,-2.60810874879701
92,51.5094259193479,-0.161010329565088,1.22527598540257,-0.0466980995761508,-2.84296928460106
92.5,51.5094311660602,-0.161010600050279,1.38965689867817,-0.0360501127159217,-2.72586706100102
93,51.5094371297892,-0.16101078226996,1.17197788095107,-0.0244965595934148,-2.76101713937924
93.5,51.5094421804061,-0.161010768802321,1.47186869886126,-0.0307438819139078,-2.62577905116418
94,51.5094483690474,-0.161010973506867,1.22250083888091,0.0888443577205331,-2.35365328086815
94.5,51.5094537435331,-0.161010721443356,1.34404007902455,0.0239712598371134,-1.77856828734634
95,51.5094595401234,-0.161010400421112,1.22589285286974,0.0119565115893537,-1.15446789342113
95.5,51.5094651001757,-0.161010257803011,1.27350867991005,-0.0475169360932441,-1.36057804008374
96,51.509470707164,-0.161010361330547,1.22283900182772,-0.0491993384649147,-1.63306020129776
96.5,51.5094760741034,-0.161010431871206,1.3414234132113,0.0108874853968756,-1.43647236420667
97,51.5094817919392,-0.161010386855934,1.28721367810031,0.0660888309070861,-1.07298006715937
97.5,51.5094876832401,-0.161010278040991,1.20691254627471,0.0518292970566372,-1.00385167231543
98,51.5094932115468,-0.16101006717464,1.28265449014199,0.0254067941332983,-0.658774243694182
98.5,51.5094989551005,-0.161009899882852,1.19702028312816,0.0292255118125216,-0.366204552417768
99,51.5095042476958,-0.16100958687535,1.35623565660802,0.0363248664584427,-0.347313287820129
99.5,51.5095101171134,-0.161009126537801,1.19315226251847,0.00687869401381806,-0.391446320578762
100,51.5095155018364,-0.161009004448997,1.32315805692672,-0.0473574687193832,-1.02215618095129
100.5,51.5095214934278,-0.161009045238912,1.09892931580338,0.00279823250457616,-1.2218395694589
101,51.5095264262593,-0.16100920264405,1.44036283081569,0.000209787222569623,-1.58826637695285
101.5,51.5095324669,-0.161009218461376,1.1481710413461,0.0119272303132904,-1.37796451676218
102,51.5095378654646,-0.161009231590404,1.25168515329118,0.0346830046623384,-1.56773887699395
102.5,51.5095434249737,-0.161009021633364,1.34568857006363,-0.0582524660084182,-1.63995396831267
103,51.5095492644235,-0.161008925480145,1.24510037845295,-0.00319600178911419,-1.55725638098429
103.5,51.5095551294498,-0.161008947706104,1.13263709137726,-0.0394379056583379,-2.05555560968551
104,51.5095605308804,-0.161009066778397,1.29768312093199,-0.0676385377265208,-2.4214792153273
104.5,51.5095664122701,-0.16100938651058,1.1008513074979,-0.0362126508379391,-2.50848322662748
105,51.5095715526668,-0.16100960655551,1.37423139120737,-0.0340434893552162,-2.3526279232713
105.5,51.5095777434672,-0.1610098861766,1.10088007358284,-0.0216617352984255,-2.56289285661191
106,51.5095828652551,-0.161009870632472,1.4268134929369,-0.0477389067007384,-2.21193585225261
106.5,51.5095889692294,-0.161009989281093,1.18100037140007,-0.018722812900408,-2.31077464994299
107,51.5095944433675,-0.161010051393398,1.26924584283298,0.00778095873950408,-1.70836498537254
107.5,51.5096000499283,-0.161009863665087,1.32351138300697,-0.0355783837956978,-1.5108339907191
108,51.5096060791934,-0.161009807758781,1.11847372555887,-0.0543439951254698,-1.35419463250914
108.5,51.5096113534043,-0.161009839255529,1.36215189033932,-0.0739011768274146,-2.08029876843761
109,51.5096172690232,-0.161009870846332,1.25602315132643,-0.101676002380696,-2.07176864142784
109.5,51.5096226811943,-0.161010250474926,1.38123676493378,-0.00283840348968135,-1.95623662653717
110,51.5096286698893,-0.161010553642403,1.22685075334608,0.00435566241734972,-2.70407003853004
110.5,51.5096335650062,-0.16101079682027,1.19619432101866,0.0118950482205564,-2.98054833794789
111,51.5096377126044,-0.161010872455485,0.955566672371865,-0.0261898491426288,-3.60263815589789
111.5,51.5096409428058,-0.161010897595784,0.574164803811645,-0.0550625907317785,-3.20179967102933
112,51.5096425439375,-0.161011208155963,0.429750332911335,-0.0111181351158442,-2.84532247748447
112.5,51.50964387303,-0.161011146969467,0.266458928338996,0.0714704739307652,12.3974724333373
113,51.5096450727912,-0.161010335334603,0.152716013630028,0.109636471700681,27.8774382659563
113.5,51.5096457868071,-0.161009129126258,0.133068572048629,0.161528062259066,43.1294588942564
114,51.5096465760401,-0.161007904269232,0.0747652421128486,0.216100109930276,58.6277872538139
114.5,51.5096468983197,-0.161006820540129,0.119509127089892,0.439391067626755,73.5352660170994
115,51.5096473015359,-0.161004035039045,-0.0723990024592942,0.112019644366813,88.537341405016
115.5,51.5096470607558,-0.161003132471478,-0.0490232293337959,0.358964097264531,103.176031462717
116,51.5096467199162,-0.161000975926927,-0.154433887763901,0.127637554633084,117.669841864427
116.5,51.5096459216868,-0.160999814408633,-0.1426716985043,0.199521263745151,132.218405496799
117,51.5096452804792,-0.160998678867279,-0.298507575055187,0.142338605704902,146.963646125514
117.5,51.5096440197401,-0.160997904233158,-0.218122172537113,0.0702974871535006,161.73871961932
118,51.5096430922771,-0.160997561954866,-0.317466280160853,0.0171738444338256,176.540008563059
118.5,51.5096412151145,-0.160997444272403,-0.393734010155032,-0.00641731049093988,176.843278534241
119,51.5096384933579,-0.160997469001423,-0.615589370396062,0.0313816616087319,177.266495115673
119.5,51.5096349299935,-0.160997273184936,-0.96930084237834,0.0561136778492149,177.024293400029
120,51.5096301811297,-0.160997161440411,-1.24553595707396,0.0479626931676149,176.669178265021
120.5,51.5096246153892,-0.160997024236299,-1.25630986974769,-0.00281603071756988,177.343263882963
121,51.5096191829848,-0.160997178079389,-1.38106362914235,0.0165672340769908,177.407978828778
121.5,51.5096132057687,-0.160996851812494,-1.20756107553222,-0.0222020840371168,177.300178692886
122,51.5096077254485,-0.160996828391692,-1.26149946548488,0.00699226017972341,177.643087815379
122.5,51.5096023388882,-0.160996712925796,-1.38925719863778,-0.0022611072317704,178.485444701241
123,51.5095964516338,-0.160996773180016,-1.24509868893674,-0.0509537822647594,179.27705655831
123.5,51.5095911315195,-0.160997055020034,-1.3759251321889,-0.00207391115297337,179.159058705098
124,51.5095852987637,-0.160997059728179,-1.26330564410143,-0.0505525064915668,179.446848107887
124.5,51.5095797676897,-0.160997329153514,-1.32273190789052,-0.0397033009648333,179.827806450979
125,51.5095741482311,-0.160997765411677,-1.31313117574876,-0.0119406866111981,179.783321202273
125.5,51.5095685777918,-0.160997719620445,-1.31483965726285,-0.0699479024451273,178.910276456401
126,51.5095629035124,-0.160997989172455,-1.29400751890725,0.014098788239715,178.138553638741
126.5,51.5095572147684,-0.160998144754797,-1.28442301069949,0.132857780963577,177.642542661949
127,51.5095516678358,-0.160997901569792,-1.28863378180265,0.0635201509507899,177.293759563031
127.5,51.5095462640704,-0.160997822256034,-1.33559775750744,0.075020639751394,177.040597307524
128,51.5095405311745,-0.160997639276697,-1.21610548082268,0.00492317610705516,177.032667243516
128.5,51.5095352891434,-0.160997431199403,-1.34968943814357,0.0106153501272667,177.627765092405
129,51.5095297251115,-0.160997492779493,-1.36865472476425,0.0539066942554328,178.374827678186
129.5,51.5095239670212,-0.160997237377585,-1.23358016579673,-0.0654556207665548,178.920457253095
130,51.509518292674,-0.160997491687621,-1.22701822757512,-0.0226810928206091,178.962561246695
130.5,51.5095127850257,-0.160997591974966,-1.33315015196695,-0.0177387938650865,178.751909090334
131,51.5095069326252,-0.160997747884518,-1.22471341612186,-0.00409644011920996,178.71904283856
131.5,51.5095014056492,-0.160997692966853,-1.24851598910622,-0.0642280649565564,178.423679798833
132,51.5094957641325,-0.160997799570133,-1.26484626619081,-0.0551576279269603,177.832259321815
132.5,51.5094902336478,-0.160997730558855,-1.27049954938404,-0.0259785907312052,177.153835000779
133,51.5094848781275,-0.160997580114143,-1.43116763400045,-0.0129368761955541,176.353366468565
133.5,51.5094787593252,-0.16099728085438,-1.14822278754793,-0.00171016376012675,176.543818852944
134,51.5094734745462,-0.160996937677289,-1.32884168477739,0.0157871937672773,176.782142856334
134.5,51.5094678308851,-0.160996837528775,-1.26505449438564,0.0892183372586639,177.046905690801
135,51.5094623754955,-0.160996439178645,-1.29010691202667,0.0173789212484888,177.244146591617
135.5,51.5094567165372,-0.160996294841973,-1.23919822923035,-0.0420383221666567,177.614661878041
136,51.5094511190886,-0.160996439837814,-1.25766952569181,-0.00299618079587562,178.54087426502
136.5,51.5094454622554,-0.160996437716053,-1.22823789254388,0.0372475625986995,177.787721339711
137,51.5094400608528,-0.160996198017156,-1.36486100057085,0.000206347031975158,177.371578455638
137.5,51.5094341595228,-0.160996133122151,-1.21698035783712,0.0277999863111329,177.604761051716
138,51.5094288242923,-0.160996070044844,-1.33531388243683,0.0303243384839054,177.832730318814
138.5,51.5094230033836,-0.160995812724811,-1.20105975384683,0.00626430780726747,177.623385406442
139,51.5094175233122,-0.160995613147737,-1.26125057192232,0.00162102233064477,177.430300072861
139.5,51.5094120446099,-0.160995516786234,-1.31792297986878,0.0278466935194222,177.748070901635
140,51.509406340169,-0.160995343970247,-1.30940280449529,0.0353364258008732,178.121458961855
140.5,51.5094004157201,-0.160994930637567,-1.19763627935575,-0.0456968893064923,178.195919861663
141,51.5093949636708,-0.160995025859638,-1.29208822681694,0.0536284636611546,177.93251845216
141.5,51.5093894072305,-0.160995060283583,-1.27518106427873,0.0456567904660739,178.275118282995
142,51.5093835357367,-0.160995158251292,-1.16936236835593,0.0556153337135018,178.476964990469
142.5,51.5093779128262,-0.160995025180997,-1.19644971425588,0.0454042180778635,178.52455670148
143,51.509372496297,-0.160994857669833,-1.34783777682616,-0.0306055272511465,178.656634564889
143.5,51.5093666364516,-0.160994822245838,-1.20520233514437,-0.0721013045124572,178.905744563205
144,51.5093611842345,-0.160994972263429,-1.2211158229094,-0.0292586538494287,179.099045962247
144.5,51.5093557323335,-0.160995191605307,-1.32817349901447,0.0553379235768757,178.876206468544
145,51.5093498186925,-0.160995044556993,-1.16838291545932,0.0558892072541282,178.279567178096
145.5,51.509344491732,-0.160994943681277,-1.34813315257951,0.0200013887144727,178.449393900117
146,51.5093383758534,-0.160994592297515,-1.15648338312841,-0.0420769898301199,178.844799682774
146.5,51.5093329362661,-0.160994690324313,-1.27557031577411,-0.0294989766078173,178.12749220966
147,51.5093273285447,-0.160994622464003,-1.20992073085493,-0.00657865471717126,178.000270223843
147.5,51.5093218337327,-0.160994486745315,-1.32255737756157,-0.0181992459439246,178.299579704999
148,51.5093160155808,-0.160994275812672,-1.22640447846803,-0.0116715098023319,178.451005992179
148.5,51.5093104858887,-0.160994282493526,-1.30995029059394,0.0272047092590056,178.210748572567
149,51.5093045283877,-0.160994085714879,-1.15190270052651,0.0100525372248678,178.284307631344
149.5,51.5092999670389,-0.16099389418247,-1.27560883887034,-0.00968554381372657,178.384134035782
150,51.509295351034,-0.160993850351024,-0.794610740884307,0.0144437385374053,178.480914542165
150.5,51.5092926623167,-0.160993878776314,-0.685997759314107,0.0162855949986869,178.901230660791
151,51.5092904949629,-0.160994081020806,-0.284090170066923,0.0173002630569253,179.307039305891
151.5,51.5092896660768,-0.160994056907649,-0.414251613438311,0.0896937866178983,164.199342037349
152,51.5092881531749,-0.160993201404185,-0.0776100487275464,0.111470763095144,149.621376207921
152.5,51.5092877266053,-0.160992372474097,-0.263363998955462,0.189598533785828,134.730008470853
153,51.5092867156069,-0.1609909040394,-0.0406731129470433,0.188246273584034,120.140012337799
153.5,51.5092863822941,-0.160989241525444,-0.0582750143444821,0.180456651505897,104.779135752263
154,51.5092860744864,-0.160987708346205,0.0481885191824856,0.217355304785732,89.6901972675322
154.5,51.509286205429,-0.160986203992995,0.0829443972775976,0.321024944467362,74.5141302041374
155,51.5092865678066,-0.16098419462635,0.155083712002002,0.188836784521846,59.3356188326675
155.5,51.5092873554167,-0.16098260561458,0.110185232884747,0.104768353623063,44.1071767915696
156,51.5092878535122,-0.160982015136996,0.350171277095384,0.240669883190196,29.40428351962
156.5,51.5092890225437,-0.160980872699419,0.235585208162458,0.0454162160771001,14.507876785719
157,51.5092899946794,-0.160980693339562,0.287948162267772,0.0296608398741288,-0.667350165200971
157.5,51.5092919130283,-0.160980588287667,0.363833991696095,-0.015514098432677,-0.741562857245088
158,51.5092946231778,-0.160980856723788,0.571336894430305,0.0330807707756892,-0.852245528736453
158.5,51.5092980247161,-0.160980773345571,1.05402737662647,-0.034866935004066,-1.005432599873
159,51.5093034598283,-0.160980926501677,1.00853728239815,4.445657016136e-05,-0.976841213280312
159.5,51.5093082042285,-0.160981040437805,1.42961083767018,0.0361089948423616,-0.167195899135006
160,51.509314081815,-0.160981147077252,1.29905222155761,0.0246598023871793,0.138729994962118
160.5,51.5093196434282,-0.160980931187322,1.36834518239502,-0.0492353484925155,0.3158968497876
161,51.5093255520505,-0.160980933675481,1.25033446041007,-0.0213451530870016,-0.0411071562675133
161.5,51.5093311385085,-0.16098086670139,1.26595957094873,-0.0030426882369753,0.243002624672285
162,51.5093367553113,-0.160980861808005,1.25325117625374,0.041451511256327,0.405255463715303
162.5,51.5093422423631,-0.160980772526928,1.34434098472985,0.0437832902419269,0.0967947741469635
163,51.5093482531327,-0.16098069420789,1.16400242034595,-0.00875037112577023,-0.0836220089663138
163.5,51.5093531603616,-0.16098073747633,1.5217179896161,0.0321135796905124,0.147161258496851
164,51.5093594632924,-0.160980692871353,1.19945192790522,-0.00455793702078193,0.356060832044361
164.5,51.509365034847,-0.160980968234617,1.27048586724016,0.0813201449724446,0.513363131042868
165,51.5093706433929,-0.160981007374574,1.30271065247331,0.0834569518746939,0.562934288276766
165.5,51.5093762102221,-0.160980890447755,1.36292973115489,0.0555062829649945,0.6508153953074
166,51.5093822901789,-0.160980649235724,1.18722275294672,0.0206472449375575,1.11288544125452
166.5,51.5093874518687,-0.160980616973703,1.44382363071531,0.00272323586398983,0.945791657720919
167,51.5093934095441,-0.16098042713909,1.2431399175543,-0.0126189322570392,1.01375691095358
167.5,51.5093987279287,-0.160980521007655,1.36194701140691,0.0280176427946602,0.580169142104633
168,51.5094042830702,-0.160980603854649,1.38920153842719,0.0756679524681353,0.781291722065603
168.5,51.509410158429,-0.160980484506098,1.248772942647,0.0177778112231028,0.593204697028856
169,51.5094158072092,-0.160980553779352,1.28022864833991,-0.0125567554490278,-0.352639002114056
169.5,51.5094214419191,-0.160980694137975,1.29101194569726,0.00716892297804354,-0.595332783973247
170,51.5094271448895,-0.160980614465777,1.2144872745789,-0.0423791312242541,-0.767449074395813
170.5,51.5094324979922,-0.160980642075679,1.36688595023226,-0.0621191460309388,-0.544623753660689
171,51.5094381115784,-0.16098085628754,1.30737656607312,-0.00233132225963863,-0.512211206336142
171.5,51.5094439086799,-0.160980909669706,1.14607001313444,-0.0124017514899705,-0.575479131811564
172,51.5094490967059,-0.160981022923779,1.35903083129133,0.00866455230937513,-0.224398429912351
172.5,51.509455153739,-0.160981055812391,1.10920640026617,0.0211943406574659,-0.153120201091713
173,51.5094600447461,-0.16098082976293,1.46696354815402,0.00583027521637631,0.236693840106327
173.5,51.5094663686948,-0.160980921884665,1.06261346215415,0.0467891798672318,0.573612322055121
174,51.509471333224,-0.160980753692338,1.42907434222851,0.0261138998291289,0.56258944898158
174.5,51.5094774974554,-0.160980479780316,1.17358964951334,-0.0201830371226419,0.521355888490335
175,51.5094826311623,-0.160980583464566,1.38360825093324,-0.0113736602502961,0.274121821749347
175.5,51.5094887198083,-0.160980629119259,1.1515800927045,-0.0166421895842093,0.621810712578197
176,51.5094939207086,-0.160980498782424,1.43057328982336,0.011468460644649,0.866211513362478
176.5,51.5095003106324,-0.160980444445922,1.06812335951125,-0.0136485678543761,0.763895257140617
177,51.5095051334529,-0.16098053785656,1.4715467176411,0.0331487452200513,0.403461631666031
177.5,51.509511354468,-0.160980228147715,1.13654016433116,0.00961481711364416,0.916821312196395
178,51.5095163247912,-0.160979740475311,1.53332443105261,-0.0844004800332292,1.09552658243867
178.5,51.5095227368155,-0.160979615755768,1.1167820761087,-0.0756594617928807,0.880221620317467
179,51.5095278540466,-0.160979504027878,1.37556749867436,-0.0277022649731689,0.826388676381826
179.5,51.509533548173,-0.160979436526836,1.25995164107184,-0.000981939134675593,0.833592703611892
180,51.5095390027668,-0.160979511718006,1.32067767957158,0.0244781798048615,0.568187620693168
180.5,51.5095448922821,-0.160979402802244,1.14327715029579,0.0105778727348839,0.522426452690053
181,51.5095500949612,-0.160979396016614,1.33438349933772,0.0255410250454543,0.334959595915291
181.5,51.5095558323726,-0.160979470270661,1.24915726781644,0.0259211276432157,-0.342357549306747
182,51.5095612455422,-0.160979447471605,1.35662349195948,-0.00142463091658163,-0.294235048805505
182.5,51.5095671717812,-0.160979588429486,1.14576632112833,0.0133801529949625,-0.308071622410968
183,51.509572195379,-0.160979384903494,1.47521635292602,-0.0162506938357777,-0.28990187316546
183.5,51.5095785550866,-0.160979162349138,1.10651849403986,-0.0781218389968033,-0.249122097501892
184,51.5095835489005,-0.160979353661017,1.39696634457484,-0.0275855326104561,-0.331657684731346
184.5,51.5095895157227,-0.160979441727478,1.1605116898583,0.0175991175314706,-0.547100424184882
185,51.5095949739906,-0.160979600797145,1.27597591967607,0.0230967784036119,-0.92100941347801
185.5,51.5096006831272,-0.160979722249709,1.26206937465481,-0.0339328116749553,-0.468064722791312
186,51.5096064033957,-0.160979822024748,1.22163248069057,-0.0497662830762103,-0.117349144827467
186.5,51.5096120325647,-0.160979931907779,1.2180167975839,-0.027375892319866,-0.292633082564428
187,51.5096174103363,-0.160980002763967,1.23693845502129,-0.0510262498097395,-0.771489361970353
187.5,51.5096230578592,-0.160980152344579,1.25756456129151,-0.0207811443080445,0.05275405596316
188,51.5096287170494,-0.160980270665365,1.26105251201258,0.0153069230031165,0.559306716474581
188.5,51.5096337234552,-0.160980460722246,1.10314224504122,0.0534005689982147,0.6192708004948
189,51.5096377458238,-0.160980471970329,0.903224736390893,0.0410135153635553,0.814699880275458
189.5,51.5096405539864,-0.16098066163234,0.745633100733672,0.0547836555844189,1.19136496851534
190,51.5096426831565,-0.160980827212092,0.308063020429956,0.0193413017560946,1.7835862559425
190.5,51.5096438130679,-0.160980750857686,0.347443843756166,0.082505483955552,16.3277454338567
191,51.5096455546222,-0.160979864932546,-0.0312431572506374,0.0568983588510346,30.6238733799537
191.5,51.5096458720778,-0.160979017605542,0.244046225817262,0.169679650783564,45.4871295010348
192,51.5096469205639,-0.160977646158891,0.0395514780068064,0.235757263912973,60.291978537506
192.5,51.5096473794321,-0.160975895883558,0.0554123593486987,0.211106678818221,75.2386840213911
193,51.509647746646,-0.160974222784703,-0.057559278550404,0.199105410972033,89.6588024480166
193.5,51.5096476019048,-0.160972922330007,-0.0811720328607515,0.322661229456644,104.986471778047
194,51.5096470719885,-0.16097067518359,-0.10871245859922,0.086703345150338,120.654613986356
194.5,51.5096464667813,-0.16096991840649,-0.208481232898575,0.282945905850815,135.415414269064
195,51.5096456021963,-0.160968254609528,-0.196754250800103,0.0475437839322803,150.064138012781
195.5,51.5096446825476,-0.16096775816053,-0.273618808124906,0.137325763551318,164.882424125558
196,51.5096435893996,-0.160967152451682,-0.265623662351803,-0.016193047849222,179.756374088711
196.5,51.5096418723999,-0.160967311665499,-0.468272915361784,0.0408596483531663,179.210347774874
197,51.5096392548693,-0.160967076062306,-0.750043366405877,-0.0313799124595483,178.842605171314
197.5,51.5096352307763,-0.160967132419981,-0.89328330473987,-0.0315569495041916,179.25796026612
198,51.5096302887267,-0.16096718646741,-1.18645866433584,-0.031441899072397,179.032400598929
198.5,51.5096248614865,-0.160967257853429,-1.30354990066828,0.0345414029653593,179.596882737452
199,51.5096193105323,-0.160967081096169,-1.28452699931254,-0.0609664704931274,180.069310131994
199.5,51.5096139653531,-0.160967433110093,-1.4100719068461,0.0108033378414998,180.24941554454
200,51.5096079360045,-0.16096743920899,-1.17041615548185,0.0186418273104404,180.140443148813
200.5,51.5096026035293,-0.160967378450723,-1.37135084380007,-0.0143559066462888,179.925115868707
201,51.5095966248106,-0.160967517016592,-1.22895123332296,0.0695397423813602,180.099365888127
201.5,51.5095912886817,-0.160967007961376,-1.39279352053053,-0.0394094704512873,179.730358659328
202,51.5095853834131,-0.160966895901827,-1.22572355387555,-0.020568955212569,179.162403023367
202.5,51.5095801422326,-0.160966800928196,-1.45676190542542,0.00788101765406355,179.406607301997
203,51.5095739857407,-0.160966745499731,-1.20776954994783,-0.00226751761232973,179.726105416295
203.5,51.5095684491406,-0.160966677142338,-1.2807471782788,-0.00564708018831786,179.83956686093
204,51.5095629279906,-0.160966415011611,-1.34466278114623,-0.0414859212747797,179.616592873239
204.5,51.5095570996673,-0.160966363098666,-1.23053993524929,0.0101107213088938,179.580919632414
205,51.5095517017435,-0.1609661958262,-1.30928495854258,0.00242595470579783,179.196814239827
205.5,51.5095460291224,-0.160966141387334,-1.25202598156612,0.0150426136712615,179.804989140243
206,51.5095405851099,-0.160966214327337,-1.37352084538499,0.0238108895115825,180.575554926972
206.5,51.5095346380909,-0.160966169683208,-1.16912090647126,-0.0331939217078829,180.565062689626
207,51.509529560545,-0.160966240384976,-1.44135476720799,-0.0668828509478105,180.425342860763
207.5,51.5095235595784,-0.16096662016838,-1.21369318143305,0.00213162218120797,180.835025876039
208,51.509518001832,-0.16096665989856,-1.23948562126884,-0.0136574413838197,181.179298221677
208.5,51.5095125152414,-0.160966861919159,-1.30480965475987,-0.0354980536192105,180.353043818911
209,51.5095066414148,-0.16096690665675,-1.15813138506045,-0.0283680836374328,179.661748939349
209.5,51.5095016304456,-0.160966796397934,-1.508480186838,-0.0819542281101796,179.637666267831
210,51.5094952293224,-0.160966865853313,-1.11047860816643,-0.0119791710623537,179.387865567766
210.5,51.5094902620607,-0.16096671286743,-1.47192602769286,0.020059116315603,179.448526967417
211,51.5094839061605,-0.160966520354337,-1.09803543132514,-0.0471532387391081,179.693091864497
211.5,51.5094787714794,-0.160966502988773,-1.40936357035462,0.0192804444037254,179.831479325795
212,51.5094728724866,-0.160966553715214,-1.27543611766575,0.0349871745979964,180.162791705826
212.5,51.5094671166422,-0.160966464751601,-1.20088464705567,0.00372103799280986,180.480524525098
213,51.5094618517046,-0.16096692179982,-1.36900260172937,0.0622254189106497,181.06384617013
213.5,51.5094560079317,-0.160966622007761,-1.21364199720662,-0.0688695757676429,180.862414640167
214,51.5094506303026,-0.160966884315484,-1.35383463877577,0.0223276525476596,180.560830661094
214.5,51.5094448852443,-0.160966766184989,-1.27158371011778,0.0073924244979516,180.398760355001
215,51.5094393921831,-0.16096659020294,-1.27577840221421,-0.0390402691446565,180.624542321147
215.5,51.5094339731283,-0.160966942238225,-1.36911053539117,0.0536928013461574,180.671530367537
216,51.5094281543802,-0.160966924592001,-1.25034904572617,-0.000275617728184012,180.726589173603
216.5,51.5094225512519,-0.160966898227763,-1.26551689014594,-0.0370250119289025,180.744340186395
217,51.5094168441985,-0.16096735190792,-1.18728252715304,0.0563107906334432,180.703627914571
217.5,51.5094113738442,-0.160967510237018,-1.29177578698752,0.07849735259512,180.254844995972
218,51.5094055550448,-0.160967314919145,-1.17012855629259,0.0328982380313476,179.939837895058
218.5,51.5094003742145,-0.160967245482394,-1.38938995802617,-0.0347005217946013,179.97049575683
219,51.5093943118566,-0.160967334274933,-1.18412935892687,0.0184177925503353,179.832159898039
219.5,51.5093888573083,-0.160967211993763,-1.31160056868228,-0.00313312963694634,180.246150625007
220,51.5093829845255,-0.160967196021252,-1.12285859716964,-0.0343715473016124,180.354642725179
220.5,51.5093778864722,-0.160967197296422,-1.4389555907323,-0.0126302954312062,180.246505409049
221,51.509371702491,-0.160967322972824,-1.1327234176089,0.000377214861591601,180.620550879564
221.5,51.5093664679957,-0.160967295263092,-1.32913302870774,-0.0358741799268868,180.422364289963
222,51.5093606831012,-0.160967433903233,-1.2390297999812,0.0507221051329523,179.785773204788
222.5,51.5093551509578,-0.160967411167538,-1.30211436178071,0.0350021886476021,179.954582681074
223,51.5093493645107,-0.160967334408588,-1.22608277487107,-0.0219340330283453,179.841676540393
223.5,51.5093438574053,-0.160967685410768,-1.29529762960617,0.0492335627812818,180.15427953695
224,51.5093382629399,-0.160967630463124,-1.29540494298034,0.00353699510094805,180.597083722714
224.5,51.5093322499865,-0.160967682228411,-1.0788262428062,0.00284670500013415,180.800492805237
225,51.5093273500171,-0.160967760068746,-1.46470526670251,0.0384793323183659,180.471813525618
225.5,51.5093210867825,-0.160967548827133,-1.10785728669326,-0.0416471202299736,180.737282221051
226,51.5093159112786,-0.16096762213694,-1.37491714338212,-0.0325103977690395,180.423039062773
226.5,51.5093099270338,-0.160967633577054,-1.17084841972848,-0.0379819190185873,180.261743007208
227,51.5093046160045,-0.160967631471203,-1.32943085517537,-0.0555172639956059,180.190425481191
227.5,51.5092993492359,-0.160967676529612,-1.04830691973805,0.00250149568245619,180.46313016924
228,51.5092956031864,-0.160967539281902,-1.03535739779308,-0.00996694424586842,180.884229319786
228.5,51.5092920117753,-0.160967482279174,-0.498282671537978,-0.00445628318180254,180.997872439399
229,51.5092903639439,-0.16096749303895,-0.380942904716181,-0.0115337981758833,180.684318817728
229.5,51.509288952824,-0.160967247841774,-0.213446064336649,0.0861662660870089,165.62129694255
230,51.5092878399987,-0.160966452827509,-0.187368112926346,0.116427614802554,150.850856757426
230.5,51.509286926105,-0.160965524513071,-0.19335904367616,0.214563266950346,136.131568509039
231,51.5092862525562,-0.160964053739889,-0.128976387043221,0.253177424882491,120.929450356505
231.5,51.5092857921582,-0.160962386556358,-0.0640223871793717,0.27153887516666,106.149882000112
232,51.5092855570113,-0.160960563318531,0.0268415670346212,0.26061822405442,91.1337242543185
232.5,51.5092856632783,-0.160958798261573,0.0870581445576376,0.304728962880394,75.6479599413467
233,51.5092860408804,-0.160957039274696,0.18065905162972,0.265878809471536,60.710177473247
233.5,51.5092866085112,-0.160955523352577,0.237935541486318,0.220315977972384,45.8256612430493
234,51.5092875328038,-0.160954237180467,0.211812242218504,0.118600499903311,30.4964844386881
234.5,51.5092884374849,-0.160953547551776,0.252899151019986,0.0834990667674111,15.1613767601944
235,51.5092892165354,-0.160953317805023,0.384461837455832,0.00475214077601977,0.0976501144957728
235.5,51.509291118586,-0.160953278529359,0.453082938176286,-0.0124327262367514,0.34486968699637
236,51.5092940729077,-0.160953371200811,0.561879480014442,0.0393366638692354,0.543889955719827
236.5,51.5092978866504,-0.160953296200059,0.815658227402078,0.0106448381737646,0.872008902277858
237,51.5093025714863,-0.160953130828072,1.20280797688789,0.00210053089933959,1.02250478104487
237.5,51.5093081002267,-0.160952939468735,1.22096649208086,-0.033725218092823,0.348401776582174
238,51.5093134056181,-0.160952820478457,1.35784169743821,-0.0203600823546091,0.521195866731019
238.5,51.5093191214491,-0.16095280028452,1.27578287002084,0.00266874076948077,-0.00481761388007875
239,51.509324692968,-0.160953091991564,1.26331764596849,0.0224536387630503,-0.361161434229615
239.5,51.509330149177,-0.160953108892302,1.3358888066788,-0.0313547842375371,-0.688235314960105
240,51.509335945677,-0.160953142578894,1.23120087341349,-0.0779704018665848,-0.905600353807076
240.5,51.5093414169207,-0.160953241525494,1.30185937376313,-0.0683718355094226,-0.501829447262981
241,51.5093468996578,-0.160953425876616,1.33480344151649,-0.0168520717573476,0.333689661092637
241.5,51.5093526576143,-0.160953708343878,1.25865901340504,0.0747699178871354,0.24741102042388
242,51.5093581794659,-0.160953568569499,1.24306405717256,0.0248305376794461,0.502899096602633
242.5,51.5093635436566,-0.160953258714715,1.33683977055748,-0.0200125142403281,0.649605045257514
243,51.5093693954934,-0.160953195307676,1.21916248577335,-0.00725539021359476,0.538286226367802
243.5,51.5093749614015,-0.160953408563326,1.26812759912133,0.0157665977214626,0.243526509179433
244,51.5093808348172,-0.160953347808799,1.15189979549199,0.00636177900934743,0.0510915991894518
244.5,51.5093857298149,-0.160953248669007,1.51588540274964,-0.02334100464081,0.221965159381373
245,51.5093923336002,-0.16095328642484,0.991051090442959,-0.0227584100857412,0.604218661674552
245.5,51.5093970569555,-0.160953699948739,1.508733640526,0.046388991160969,0.507172545303976
246,51.5094032696534,-0.160953403311122,1.12629867082519,-0.0303413245756256,0.658254898422579
246.5,51.5094084497569,-0.160953363477219,1.34286736539598,-0.0471336740762966,0.894359152625456
247,51.5094142200731,-0.160953569167764,1.25781712022803,0.0218464662974009,0.688662343370431
247.5,51.5094194733706,-0.160953333952206,1.41305256887597,-0.0456300448085709,0.532043158834617
248,51.5094254071922,-0.160953505810822,1.23304537798803,-0.00632061043513639,0.587778857451671
248.5,51.5094307413873,-0.160953497353239,1.32237374318737,-0.0319448168043191,0.363433068438443
249,51.509436460704,-0.160953515462732,1.25635804660209,-0.0614714623268769,0.0364558524791443
249.5,51.509441942275,-0.160953863768856,1.30124994743989,-0.0071633122412184,-0.239101119521815
250,51.5094476445621,-0.160954068390944,1.25238942396851,-0.00799468210911649,-0.769688367864567
250.5,51.5094531233667,-0.160954214568216,1.25070443088687,-0.0404069455490301,-0.59969581660122
251,51.5094585139814,-0.160954529361797,1.34984603260378,-0.0186723045511731,-0.757446218751033
251.5,51.5094643474807,-0.160954724422539,1.26161829338309,-0.0197841469684067,-0.213265424489744
252,51.5094697035726,-0.160954719053811,1.41853829141596,-0.077618348037997,-0.107888743781841
252.5,51.5094758312939,-0.160954850961645,1.17116587917306,-0.0536087544041172,0.352489145297227
253,51.5094810453437,-0.160955076901876,1.34460002521646,-0.0157490432881706,0.822453971234868
253.5,51.5094866679877,-0.160955170546223,1.28833860619205,0.0182424383039601,0.934878952996199
254,51.5094922842438,-0.160955210693976,1.30760622642933,-0.0245348261377274,0.867042436776503
254.5,51.5094979500349,-0.160955583490658,1.25793702957426,0.0345623637200057,1.13530470353525
255,51.509503498513,-0.160955827198239,1.27191570140196,0.0948901111263856,1.37320288670172
255.5,51.5095091078976,-0.160955838102462,1.31000048673133,0.0732490777141463,1.27409269666392
256,51.5095147746948,-0.160955701172674,1.31754297213769,0.0173320805786606,1.03202103914262
256.5,51.5095205619414,-0.160955424532392,1.22809052563082,-0.0313655771735115,0.667348362042159
257,51.5095261950656,-0.160955383823709,1.25705226777401,-0.0360830121525084,0.457422890361115
257.5,51.5095318826917,-0.160955496165906,1.23714865848288,0.0354655358584481,0.837261831959479
258,51.5095373879671,-0.160955665728201,1.26761881664039,0.0447033169739535,0.921717892435804
258.5,51.5095431391151,-0.160955451734899,1.22940605767208,-0.0512645612925085,0.957109110102717
259,51.5095485629414,-0.160955605171873,1.28873532174697,0.0277042803483992,1.12373289170972
259.5,51.5095542521502,-0.160955728121052,1.24432783075609,0.0973186120851101,1.78920627619695
260,51.5095598979032,-0.160955255753493,1.25921735322061,-0.0158750356262133,1.9472782980301
260.5,51.509565365211,-0.160955190718903,1.34925691256475,0.043280724447126,2.54037780096786
261,51.5095715063732,-0.160954794723495,1.11878852326767,0.0473119605477589,2.76446918267564
261.5,51.5095767238611,-0.16095459157003,1.37840967359305,0.0950461190232667,2.90369019500791
262,51.5095828759146,-0.160954030267863,1.13019730581037,0.0698219117060166,3.28916824175795
262.5,51.5095880623533,-0.160953308631869,1.3921795842078,-0.0435059085090897,3.28313475063868
263,51.5095942230998,-0.160953134191092,1.14148328924098,0.0475209887438932,3.16167387547939
263.5,51.509599363575,-0.16095267728848,1.40009714754083,-0.0115877438793067,2.56374456041707
264,51.5096053739873,-0.160952666773632,1.14982616788873,0.0422773750990081,1.52505600815154
264.5,51.509610532722,-0.160952521887722,1.3907466944307,0.0508513757919035,0.826452619926953
265,51.5096164608642,-0.160952304932479,1.17176526792044,-0.0188190817722629,0.31668498819311
265.5,51.5096216405324,-0.160952524271612,1.35593541240688,0.0498406737640093,0.929015419905176
266,51.5096277864411,-0.160952151789163,1.0599001229478,-0.0178357155782303,1.12145938527236
266.5,51.5096320061329,-0.1609522994995,1.34713888953811,0.0334847903283077,1.34302886926996
267,51.5096369691738,-0.160952286864744,0.668388651290144,-0.0260791676124639,1.04299625452284
267.5,51.5096392001683,-0.160952376208666,0.848866048242135,0.0305861171609506,1.56176762894518
268,51.5096419588606,-0.160952454138761,0.127291450706169,0.0242859496431649,2.03626888022057
268.5,51.5096424870858,-0.160952557115418,0.482165591566016,0.0872547904460997,16.1253070408083
269,51.5096442601566,-0.160951876315479,0.0390062343099749,0.109780744693456,30.9043435050342
269.5,51.5096446944228,-0.16095097774705,0.31562319098719,0.216013076480131,45.5252687035113
270,51.5096460746429,-0.160948941212635,-0.094354821798855,0.0836637530477301,60.3286379941836
270.5,51.5096459762887,-0.160947896111337,0.15994391404017,0.2774378254919,75.1511365843816
271,51.5096465162788,-0.160945832689707,-0.0957508760898013,0.198957754972525,89.5900052621366
271.5,51.5096462368187,-0.160944602889517,-0.0451362004066502,0.369683738737934,104.630304195914
272,51.5096460154188,-0.160942462462409,-0.238176144988376,0.276705162854001,119.559337706932
272.5,51.5096450047416,-0.160940446448256,-0.096371988554199,0.0983403975974214,134.530203125747
273,51.5096443704194,-0.160939623943906,-0.308805337666736,0.180207136769841,149.455439861318
273.5,51.5096431762735,-0.160938737237713,-0.1871307391301,0.0143999726392709,164.938228743351
274,51.5096422339449,-0.160938680249336,-0.262296613748081,0.0331725668746195,180.276123320014
274.5,51.5096405809491,-0.160938502612739,-0.487430871062939,-0.033381908499362,180.57568575448
275,51.5096374402076,-0.16093865780715,-0.45524947924118,0.0144377873766848,180.236290623552
275.5,51.5096344139635,-0.160938733581635,-1.10665450851547,-0.00642451351489745,180.472849177353
276,51.5096288059703,-0.160938760976578,-0.975805423921376,-0.0334398759078142,180.60947536146
276.5,51.5096238888691,-0.160938874614226,-1.39104230109895,-0.0224433999171328,180.251857550894
277,51.5096177606773,-0.160938912062121,-1.15301264429506,0.041866441093859,179.435675769166
277.5,51.5096128715662,-0.160938626778254,-1.56764374630679,-0.00977293344250245,179.131436346499
278,51.5096064072042,-0.16093851293143,-1.13880713553288,-0.0108762369349868,179.116221828285
278.5,51.5096016844264,-0.160938483730775,-1.60053364250767,0.0105845652224499,179.681476727449
279,51.5095951409177,-0.160938693808139,-1.11857828118893,0.0780200351025163,179.786459449255
279.5,51.5095901367123,-0.160938631706198,-1.48437315099246,0.07631478008649,179.90419512178
280,51.5095838883672,-0.160938409270612,-1.17775072498772,0.000248966499564115,180.356034840859
280.5,51.5095786009761,-0.160938210241708,-1.35752420740132,-0.0633581508502096,180.208356910362
281,51.509572819839,-0.160938312490467,-1.24618965851323,-0.00798593306629668,180.33152324696
281.5,51.5095675359343,-0.160938130962796,-1.40409586094452,-0.0444017661531209,180.286122499884
282,51.509561590426,-0.160938013083884,-1.18580432195976,-0.112534290480097,180.21014972372
282.5,51.5095563937737,-0.160938254991059,-1.38722603078277,-0.0239542994629119,180.543656104185
283,51.509550621314,-0.160938380501161,-1.29643618316544,-0.00497326873553436,180.316616016842
283.5,51.5095449548277,-0.160938459561651,-1.27296994097629,0.0225260798157145,180.463337738717
284,51.5095392350378,-0.160938449743399,-1.22142449386637,0.0448602104213118,179.878183555326
284.5,51.5095337603656,-0.160938375338517,-1.30577581677186,0.0676238366347334,179.184839884826
285,51.5095281989157,-0.160938006239685,-1.3112705178301,0.0561831448929177,178.593307385543
285.5,51.5095227383864,-0.160937662515432,-1.38619791536789,0.0727642095913322,178.263860474173
286,51.5095167582287,-0.160937204402834,-1.17918113231139,0.0721589632313917,178.344970226647
286.5,51.5095116106306,-0.160936765142958,-1.424462601517,0.00809498374984622,178.505911999804
287,51.5095056742448,-0.160936597292608,-1.29771313119666,0.0764919020079055,178.632465165467
287.5,51.5094999854883,-0.160936246834352,-1.2492000414639,0.0568581488439122,178.926827569051
288,51.5094942962962,-0.160935776085519,-1.26893900697011,-0.00257234075596742,179.199738361364
288.5,51.5094887618211,-0.16093596875959,-1.35008497546547,0.107533803270648,179.271157099723
289,51.5094827669114,-0.160935669618361,-1.17376800517035,0.0779113197098462,179.124303371675
289.5,51.5094774829325,-0.160935612859029,-1.37981897876055,0.105023101893755,179.446273342814
290,51.5094714427484,-0.160935275654101,-1.1855442428947,-0.0192763905437869,179.812076628363
290.5,51.5094660818464,-0.160935229139069,-1.35960660128738,-0.024865154432827,179.992712869832
291,51.5094601699252,-0.160935331669128,-1.27064060355674,0.0335836390367434,180.212784138412
291.5,51.5094545732826,-0.160935063556357,-1.28101465117917,-0.0444873578102309,180.531349924165
292,51.5094488006266,-0.16093534196885,-1.23982675489266,0.0171704712160452,180.542196571674
292.5,51.5094435092689,-0.1609354511486,-1.46713607611923,0.0257746609144886,180.973643317821
293,51.5094373028592,-0.160935463033905,-1.17064096645294,0.0109483271682727,180.915112927403
293.5,51.5094317178797,-0.160935553902687,-1.17843543800079,-0.0170798470253953,180.896750014196
294,51.5094266047187,-0.160935806851604,-1.39045941724238,-0.0234892329532508,181.237917477024
294.5,51.5094207305305,-0.160935943399342,-1.23813077818527,-0.0468280484271662,181.212885113483
295,51.5094151581643,-0.160936134874273,-1.24187681221983,-0.0658263401703259,181.230668929565
295.5,51.5094097289493,-0.160936305730537,-1.30122720978237,-0.115027225544288,181.276574884797
296,51.5094038644829,-0.16093693091429,-1.19349979809558,-0.0237549209341328,181.356568615985
296.5,51.5093984384318,-0.160936890280377,-1.26980768959658,-0.0815711174811796,180.904474442574
297,51.5093927410719,-0.160936890760654,-1.23311288858723,-0.0224494799777055,180.132262741662
297.5,51.5093874450382,-0.160936980528782,-1.32747388118393,0.00161690119446083,180.629242568456
298,51.5093813938386,-0.160936946106921,-1.12734054203262,-0.0483578158256055,180.97303350824
298.5,51.5093760504246,-0.160937220644326,-1.336319555421,-0.0194218087279991,180.840022561328
299,51.5093703281064,-0.160937405029461,-1.25599330680553,0.00219210017079347,180.642779337228
299.5,51.5093646853656,-0.160937868799258,-1.21087192062557,0.0435829471055513,181.336393317995
300,51.509359248814,-0.16093805811021,-1.25942191645432,-0.0223717382672326,181.90364896144
300.5,51.5093535191956,-0.160938019867372,-1.24004540176222,-0.0816363756175175,181.274920763286
301,51.5093480277454,-0.16093801036946,-1.31804867168536,-0.0997081776739462,180.594636313888
301.5,51.5093422143526,-0.160938394629753,-1.1977932175137,-0.0416891707298941,180.892877914965
302,51.5093367536617,-0.160938674207934,-1.26714780426302,0.00270169578880871,180.88000426492
302.5,51.5093312220256,-0.160938611837409,-1.28492613620452,-0.0210124919158509,180.753096588393
303,51.5093255566255,-0.16093846650016,-1.18736444341275,-0.0458811854254544,180.682237180152
303.5,51.5093200921057,-0.160938735512497,-1.27318463915234,0.00957742711749259,180.924293388018
304,51.5093145704546,-0.160938723243386,-1.26266002201666,-0.0206849262318391,181.181649925021
304.5,51.5093087465224,-0.160938826189141,-1.21999119248319,5.43469955235744e-05,180.571636673743
305,51.5093029209276,-0.160938655587786,-1.13546840661955,-0.031156506144291,179.996002184824
305.5,51.5092983898888,-0.160938598387604,-1.19238616156617,-0.0221418710897216,180.29587507977
306,51.5092941164202,-0.160938486593457,-0.875948764129223,-0.00411189404920814,180.167640162662
306.5,51.5092910339075,-0.160938583534861,-0.602458615670639,-0.00736689808399024,180.345972910519
307,51.5092892002552,-0.160938638607743,-0.36665130771628,0.00186008249481686,180.60399202643
307.5,51.5092878114635,-0.160938413950808,-0.231985703477744,0.0725657738960386,165.770262948795
308,51.5092868058174,-0.160937808617913,-0.195467284063782,0.124525507589229,151.123137139022
308.5,51.5092860698713,-0.16093682944625,-0.19416159755976,0.200090985463288,136.221263403597
309,51.509285337057,-0.160935255610948,-0.0960253824259973,0.20014751858581,120.905453540413
309.5,51.5092849188641,-0.160933792228686,-0.0747923349196013,0.290912090977977,105.495473299227
310,51.5092846142181,-0.160932087429107,0.0415088049267704,0.261227293447322,90.0762377469811
310.5,51.5092848209206,-0.160930298833887,0.0729836543747451,0.24770709550971,75.4894736172166
311,51.5092850349471,-0.160928751783625,0.175207180872836,0.308186588469197,61.5581251466791
311.5,51.5092857386059,-0.160926613864789,0.110857580623664,0.0531521089799868,46.4196032575005
312,51.5092863893452,-0.160926012727768,0.261212866938061,0.200443232339123,31.2114021950508
312.5,51.5092873460699,-0.160924733658132,0.239754376606688,0.0141183430227456,16.7121770635485
313,51.50928818756,-0.160924585158231,0.297730676745123,0.0413862093468174,2.24385832208402
313.5,51.5092901115355,-0.160924249863117,0.315354504379981,-0.0342640373141336,1.51964438849231
314,51.5092924770195,-0.160924176853936,0.695805362492658,-0.00315473514102228,0.621784594615494
314.5,51.5092963392648,-0.160924163560799,0.821417653212207,0.0306474660765651,0.459645833525218
315,51.5093006975264,-0.160924108081085,1.30878784860582,0.0437081043515746,0.314545241789033
315.5,51.5093065395684,-0.160923921391106,1.12283016023266,-0.00639654024095454,0.451310241421933
316,51.5093118929752,-0.160923931181833,1.22096306242798,0.064449980238996,0.839841123678515
316.5,51.5093171985982,-0.160923544338845,1.40202387724567,-0.0605618683227648,1.24834690717919
317,51.5093231977264,-0.160923684271344,1.23955572218467,0.00573150061767706,1.48626237542112
317.5,51.5093287500383,-0.160923684683432,1.28507931457063,0.0606948228646405,1.9024558234241
318,51.5093343400389,-0.160923768156172,1.2956606886496,0.12575806901343,2.19992694424028
318.5,51.5093398649444,-0.160923509129945,1.352916458417,0.0544612234078199,1.47213768144004
319,51.5093455390949,-0.160923362218204,1.33189021184511,-9.08818521024937e-05,0.77444337481144
319.5,51.5093511767845,-0.160923455873196,1.30928463123635,0.0164383185940675,1.04118357532991
320,51.5093568758245,-0.160923338436017,1.30570288442851,-0.0191323931243497,0.876751208987531
320.5,51.5093626410482,-0.160923478970972,1.25627872171062,0.0262682440012081,0.337031745272757
321,51.5093681824658,-0.160923317214288,1.3211803387067,-0.0645371620311348,0.362765063921197
321.5,51.5093739357619,-0.160923598249632,1.20707909533604,0.00911329062874652,0.694275930752
322,51.5093791112345,-0.160923698391976,1.36967450102784,0.0383033944732733,1.34054741906321
322.5,51.5093849418453,-0.160923576987672,1.23607709419408,-0.0432095908311223,1.22782397538592
323,51.509390382831,-0.160923923071398,1.32744003093941,0.00333759247722907,0.51732889116179
323.5,51.5093961081182,-0.16092409371327,1.29504132522912,0.00364407295956803,0.249259674426885
324,51.5094017072627,-0.160923969413288,1.28063269050179,-0.0531449070671175,0.290027193390128
324.5,51.5094074473677,-0.160924107449083,1.22222984410825,-0.0544467054100487,0.247529898445702
325,51.5094129825284,-0.160924521333151,1.31435083952677,-0.0242000935165007,0.266153752228879
325.5,51.5094187961897,-0.160924836463339,1.24998500777539,0.00507165710347697,1.22743870449205
326,51.5094244674658,-0.160924821173023,1.22775026423702,0.035980084671433,1.82409252330161
326.5,51.5094300205044,-0.160924864221174,1.31046178845632,0.021967545787573,1.48530117013961
327,51.5094358034742,-0.160924799215398,1.3023901183901,-0.0306071352282448,1.57180899837811
327.5,51.5094417584096,-0.160925040978166,1.17436830402849,0.0168202857248171,1.05933973204925
328,51.5094470805576,-0.160925170814297,1.26499189333908,0.0181279432826308,0.704229969985022
328.5,51.5094526254481,-0.160925193464497,1.3013524086627,0.00412793397791493,0.158023266408431
329,51.5094582656705,-0.160925390605167,1.24028806442193,0.0233966908446962,-0.134212152247124
329.5,51.5094634763377,-0.16092542738661,1.48022111719275,-0.0113818656909988,0.70528231503524
330,51.5094697685924,-0.160925326768749,1.17473984744416,-0.0263283055632282,1.53343868600821
330.5,51.5094748727312,-0.160925277905402,1.45248208995224,0.00034278992721291,1.70742139183645
331,51.509480813943,-0.160925106876452,1.25345449536285,0.00282450567300204,1.7250884553677
331.5,51.5094866014628,-0.160924941290324,1.22353521008602,0.0245885158650798,1.20692104538767
332,51.5094920992305,-0.160924852916773,1.26188817140128,0.00168608956617976,0.842413982423632
332.5,51.5094976687094,-0.160924753782726,1.26831717934334,-0.00776998382284282,0.567720119135431
333,51.5095032083219,-0.160924873044728,1.32885273528022,-0.0199814091299058,0.629993057215225
333.5,51.5095089325803,-0.160924931398108,1.25058583649202,-0.00296080907120497,0.500405449163602
334,51.5095143464359,-0.160924884165388,1.33616944195373,-0.0180133167435451,0.122725561178658
334.5,51.509520411906,-0.160924869320981,1.12504160757499,-0.0560461922649031,0.349859942345315
335,51.5095254688432,-0.160924947797108,1.42338026264509,-0.031662292074258,0.537879854275802
335.5,51.5095315330096,-0.160925002790094,1.17938976792607,0.00423660980513252,0.448079561714764
336,51.5095367784444,-0.160924999949902,1.36528965846513,0.00577255793139872,0.00732063779654314
336.5,51.5095426615805,-0.160924731012335,1.18278003057088,-0.0416118806570523,0.532297684273915
337,51.5095481417849,-0.160924720550965,1.29319963031465,-0.040741958537579,1.1402561624758
337.5,51.5095537320247,-0.160924922545918,1.3158318726158,-0.015234818471165,0.735943902913592
338,51.5095594814342,-0.160924788238619,1.24766991520577,-0.0341530592950023,0.691775813227854
338.5,51.5095651067914,-0.160924817861873,1.26086413293166,-0.0467356242359723,0.631721790626105
339,51.5095704745431,-0.160925159438755,1.34709989080121,0.0873978092439832,0.46390572925965
339.5,51.5095764393871,-0.160925025995977,1.15184714104382,0.0270149450505174,0.481077049919538
340,51.5095816311234,-0.160924793314483,1.35541348215251,-0.0939748589617398,0.686823389625122
340.5,51.5095874712197,-0.160924998330256,1.24467339652982,-0.0235500632541225,1.01417709706962
341,51.5095931096105,-0.160924944173737,1.2240429107473,0.00805320253665548,1.36999323877436
341.5,51.509598780256,-0.160924727799828,1.23867023668364,-0.0547850614995201,0.812989146733737
342,51.5096046629225,-0.160924860266265,1.14740848960541,-0.0352537863907861,0.404446590850429
342.5,51.5096099415848,-0.160925116624316,1.33126196391929,0.0242224709515527,0.208680832132992
343,51.5096157765986,-0.160925004731068,1.18514151541766,-0.0268506648731461,-0.0567411622793593
343.5,51.5096211968872,-0.16092500056102,1.23759951205532,-0.0141468737290388,0.0753856520666855
344,51.5096266320273,-0.16092517015568,1.28180932378978,-0.0624142640636055,-0.231227639826882
344.5,51.5096315800377,-0.160925388723528,1.09427626300128,-0.0554327900009682,0.368427406575766
345,51.5096353898672,-0.160925479129096,0.965264405358343,-0.0305005553736079,0.492412150691188
345.5,51.5096384376311,-0.160925565221004,0.658471562884279,-0.00682028849806819,0.279996829935591
346,51.5096403381125,-0.160925611917018,0.359969765104288,-0.000519060091858037,-0.05966543002288
346.5,51.5096415374443,-0.160925473002696,0.265744522676396,0.0819712904755977,15.0366603129892
347,51.5096427566622,-0.160924702242003,0.0756632518937058,0.0943684867440978,29.9953614764181
347.5,51.5096430329496,-0.16092424519446,0.336016106274409,0.266302218511115,44.7901797980768
348,51.5096441970682,-0.160922521830793,0.00491545354050294,0.155278780726529,59.8947215280202
348.5,51.5096443585421,-0.16092145493811,0.100042062925637,0.259815411024768,75.4622760546544
349,51.5096447117149,-0.160919804884947,-0.0769354075006166,0.286551432122452,91.0363364485719
349.5,51.5096445329198,-0.160918113436114,-0.0723098978043517,0.264940100432369,105.907975669067
350,51.5096442654111,-0.160916527988924,-0.160361738152679,0.204197186883503,120.954519801923
350.5,51.5096436188561,-0.160915288598598,-0.17421748128783,0.184205029705217,136.272745021064
351,51.5096427448159,-0.160914078660755,-0.196802490844537,0.0720152296968245,151.471941159087
351.5,51.5096419213662,-0.160913716579534,-0.322895759253754,0.104983444098634,166.158872704945
352,51.5096407067281,-0.160913314347578,-0.25705167644542,-0.0234918933847404,181.244032901474
352.5,51.5096390505073,-0.160913491247607,-0.479244932899552,-0.008419457279369,181.325219665318
353,51.5096362201919,-0.160913690423334,-0.664263623499214,-0.0328325800866281,181.164835057776
353.5,51.5096324864034,-0.16091400549538,-1.01097792611114,-0.0117883857720825,180.965815899145
354,51.509627086381,-0.160914196971023,-0.975951372711534,-0.0725955992553984,181.011298461301
354.5,51.5096224828917,-0.160914365682017,-1.47306396322297,-0.0117470040157018,180.730912917678
355,51.5096163052051,-0.160914525728204,-1.15913254198604,0.0113820721212909,180.341957884051
355.5,51.5096112157334,-0.160914306060269,-1.4420534279911,-0.0641317367572065,180.446267443323
356,51.5096052795078,-0.160914470584618,-1.27301885663692,-0.0247696764261425,180.557671955847
356.5,51.5095996297692,-0.160914704603262,-1.22205605959296,0.0150387907298232,180.243604076779
357,51.5095942308957,-0.16091480422919,-1.39044208512424,0.0282565394498001,180.03383331473
357.5,51.5095881553509,-0.160914485474157,-1.18688926083405,-0.0444238036940474,179.9505252314
358,51.5095828742318,-0.160914398073334,-1.41172913859441,0.00530821059856762,179.805026267959
358.5,51.5095768626934,-0.1609141503137,-1.23600790086787,0.00835353214360759,179.670169197906
359,51.5095711741027,-0.160913877143319,-1.25767009627647,-0.0440660203113454,179.729838582864
359.5,51.509565706132,-0.160913755651082,-1.40800762085508,-0.0457233023810436,180.190096630033
360,51.5095598475477,-0.160913826809504,-1.29943055435916,-0.0121383310012749,180.436629927768
360.5,51.5095542050896,-0.160913645477318,-1.31886931862768,-0.0806644534985141,180.315214695518
361,51.5095485157256,-0.160913901363146,-1.28611019965753,-0.0277163922627987,180.144146460405
361.5,51.509543018836,-0.16091413260672,-1.3432814968466,0.0211456025757902,180.504620174522
362,51.5095370677283,-0.160913991725567,-1.20074331615809,-0.0374490983920522,180.497498084956
362.5,51.5095319197205,-0.160914044131455,-1.43160089899013,-0.0246331689958627,179.879498351788
363,51.509525867315,-0.160914110462656,-1.23332731747799,0.0120545239155998,179.552585404993
363.5,51.5095202895138,-0.160913994335145,-1.22022826857333,-0.0142109495105366,180.006039714147
364,51.5095151285018,-0.160914098794705,-1.4275819042826,0.0146035715623529,180.618595225461
364.5,51.5095090135139,-0.16091406327705,-1.16248301850664,0.0124324285431325,180.408407129817
365,51.5095037925087,-0.160913837404731,-1.39681915162189,-0.0286080126610972,180.033942697062
365.5,51.5094979180052,-0.160913911953146,-1.2968171256313,-0.00456920870699651,180.289071013515
366,51.5094920667985,-0.160913881151233,-1.26497769344984,-0.0144703175286029,180.211107849791
366.5,51.5094864946071,-0.160914082382979,-1.31780529197365,0.08460326377433,179.769266202463
367,51.5094807164877,-0.160913932272636,-1.22909854914118,0.0514045074777394,179.423049907439
367.5,51.5094750036255,-0.160913506143503,-1.21063494695338,-0.00151766124147686,179.248933599718
368,51.5094696323292,-0.160913552870498,-1.35710146793216,0.0522239390717713,179.067324479678
368.5,51.50946360323,-0.160913617320243,-1.1514572013403,0.0812934252799956,179.315038766513
369,51.5094583297487,-0.160913615818633,-1.36321343919994,0.02375263268892,179.842291643496
369.5,51.5094523879464,-0.160913300609788,-1.199115461951,-0.0428504032571212,180.078241955032
370,51.5094470665042,-0.160913236723204,-1.32852458014205,-0.040883311685716,180.051791797109
370.5,51.5094415705334,-0.160913156172974,-1.3340688033157,-0.0568555567517816,180.580597535738
371,51.5094358389968,-0.160913222926694,-1.25969561835178,-0.0347796153019471,180.871217047562
371.5,51.509430278605,-0.160913334891433,-1.25997954841491,-0.0426198710869819,180.973952047561
372,51.509424639939,-0.160913382738611,-1.24274671351515,-0.02586671761605,180.913231321685
372.5,51.5094193323591,-0.160913644680179,-1.40403768958792,0.0193354214681531,180.61690559057
373,51.5094132358954,-0.160913576391252,-1.15520844752234,0.0140118691938615,180.267146790328
373.5,51.5094081502869,-0.160913393899478,-1.42781365903313,0.0244387105030265,179.754962299885
374,51.5094020069868,-0.160913150405553,-1.1343419737058,0.00162616065770101,179.216742052859
374.5,51.5093968546291,-0.160913051021156,-1.38859406910355,0.0333551698262734,179.339248414147
375,51.5093908628482,-0.160912942508843,-1.20891938667872,0.0596746553466558,179.416165130613
375.5,51.5093853072066,-0.160912817247322,-1.23344861739732,0.0549449443869757,179.58027065927
376,51.5093796404271,-0.160912601382047,-1.26812858844961,0.037469950752104,179.643068787458
376.5,51.5093740468958,-0.160912011029215,-1.30845945905679,-0.086679823921388,179.979335665528
377,51.509368108964,-0.160912363919067,-1.11318033880363,0.0202878380533608,180.489620976844
377.5,51.5093630824942,-0.160912215148558,-1.41985010036996,-0.00752535059885373,179.809042711195
378,51.5093571665649,-0.160912029880599,-1.21843419445101,-0.0496471126389797,179.634087011461
378.5,51.5093516348539,-0.160912139166854,-1.30798494012011,0.0325980107080852,179.906969317692
379,51.5093459541099,-0.160912050996692,-1.29495819104502,0.0279206010630475,180.579017079486
379.5,51.5093400306494,-0.16091211318916,-1.16974442836319,-0.0224316423915314,180.521094594783
380,51.5093348682708,-0.160912298094717,-1.40743437014911,-0.0229378067320138,180.928417772107
380.5,51.5093288159007,-0.160912429878062,-1.22039724420678,-0.0563551070715005,181.891729398192
381,51.5093234441945,-0.160912721523204,-1.34894036879606,-0.0475326559211204,182.382786138166
381.5,51.5093175900718,-0.160913159756357,-1.17425047128987,0.0791624710050745,182.33028044286
382,51.509312009771,-0.160913183332073,-1.19786091577852,0.00369211946847244,182.068547065357
382.5,51.5093067504345,-0.160913208874079,-1.38391032583089,-0.00959999503330624,182.171513802392
383,51.5093007214641,-0.160913609261544,-1.151539581661,0.0346318733016926,182.200940308509
383.5,51.509296066302,-0.160913568874155,-1.17580111451545,0.0370964297136401,181.428567627289
384,51.5092920925724,-0.160913351438818,-0.980901742411525,0.00769140170067611,180.728441890961
384.5,51.5092886233414,-0.160913315996113,-0.487395478656393,0.0122109432041005,180.677259439159
385,51.509287133193,-0.160913343342885,-0.456375490927893,0.0159856879053638,180.506327687796
385.5,51.5092852608651,-0.160913198554207,-0.10772793354398,0.0872909272635211,164.430464344598
386,51.5092846128466,-0.160912628149888,-0.338505577300102,0.185978439846854,148.737679751288
386.5,51.5092831990682,-0.160911425497568,-0.0440319184489503,0.141570400682424,134.322798188469
387,51.5092828869827,-0.16091015147082,-0.167908479143413,0.225167190982485,120.15365837978
387.5,51.5092822583723,-0.160908618668886,-0.0207577663483763,0.298489551406204,105.292041910685
388,51.5092821566979,-0.160906466982484,0.00170311605260426,0.243157575001356,90.1383159142444
388.5,51.5092821661031,-0.160904676952332,0.10084855282539,0.249502732655165,75.5083426218884
389,51.5092825802772,-0.160902851500411,0.131741774739816,0.216724245511931,60.9910998200037
389.5,51.509283178975,-0.160901612019419,0.205550214265231,0.204627807650977,45.339767686281
390,51.5092839790893,-0.160900328111826,0.191105602055551,0.104450772426343,30.0622165164408
390.5,51.5092847937314,-0.160899697751863,0.300371307055205,0.106815965239747,15.2446066150937
391,51.5092860204098,-0.160899293512399,0.269526628124477,-0.023956306530667,0.126535073409545
391.5,51.5092878936091,-0.160899235253191,0.337474266455191,-0.0104078035125621,0.494149997594651
392,51.5092901781891,-0.160898944409752,0.799008055067869,-0.0348153102048966,0.460894697900894
392.5,51.5092944941649,-0.160898936869424,0.751934178514661,-0.00536412902931765,0.217488774776997
393,51.5092991827506,-0.160899043274206,1.11490565417934,0.0155464755237555,0.14561757600611
393.5,51.5093042499722,-0.160898974256852,1.38468362554978,-0.0141200611048139,-0.0938249701003229
394,51.5093099973451,-0.160899103193141,1.34300571367562,-0.0407911182747241,-0.000983074101622228
394.5,51.5093160182549,-0.160899636999695,1.11977028275312,0.00312769976010747,-0.0763950609002138
395,51.5093209075191,-0.160899705212734,1.47567326706246,-0.0178520898426056,-0.306784438137852
395.5,51.5093268027927,-0.160899492592175,1.31817168856526,-0.0784289572082885,-0.347605950840857
396,51.5093323638721,-0.160899543693014,1.3168021974804,-0.127384787449485,-0.462317563192392
396.5,51.5093380031708,-0.160899917996572,1.2667945777701,-0.0354216771338466,-0.494177702509056
397,51.5093433587325,-0.160900208568843,1.37008561311727,-0.0271270244440566,-0.778638803491952
397.5,51.5093490825512,-0.16090050792831,1.26031688388444,0.00294720996491809,-0.34664757459445
398,51.5093546178751,-0.160900636115437,1.2844213172154,-0.0111158241513727,-0.00779298984148692
398.5,51.5093602966339,-0.160900646114019,1.26592225308968,-0.0378353927336996,0.541158448354894
399,51.5093658986426,-0.160900827874732,1.32623197948928,-0.0579435473959348,0.659521239262003
399.5,51.5093715129358,-0.16090103326037,1.31512394884903,-0.0130935363914684,1.22860955465777
400,51.5093769861796,-0.160900970985637,1.37065220267415,0.0224315874775434,1.49268687890779
400.5,51.509382858239,-0.160900956081539,1.24432521349203,0.00224295012284976,1.09468446828471
401,51.5093881733882,-0.160901067115443,1.32818559494822,0.0736871011276217,0.826284345120946
401.5,51.5093939424715,-0.160900699324735,1.24827317547478,-0.0465973000038981,0.475989134362501
402,51.5093996436705,-0.160901068181052,1.18760767851545,0.0277138368604404,-0.0606667414635177
402.5,51.509404746342,-0.160901323030476,1.43101012772653,0.0250957964247748,-0.730863529419051
403,51.5094109178105,-0.160901422730895,1.12461043239468,-0.0546331047178514,-1.21980156568906
403.5,51.5094156782466,-0.160902088143261,1.56957302782254,0.030025209199126,-0.984125552300775
404,51.5094221557704,-0.16090214980898,1.10010754624736,-0.0773552188345049,-0.846009958706168
404.5,51.5094271638096,-0.160902496867217,1.44302811985852,-0.0499216776327816,-0.727729718424541
405,51.5094331260533,-0.160902764602739,1.1695147249262,0.0232813410847504,-0.192926494383272
405.5,51.5094384823699,-0.160902837144666,1.29269476108539,0.00535479703444449,0.0889335737507832
406,51.5094441181668,-0.160902973757936,1.2545590077909,0.0629846723630664,0.714510330653769
406.5,51.5094495874076,-0.160902783574315,1.31265381507916,-0.000107063142961866,0.790043114891479
407,51.509455173228,-0.160902572307419,1.28489937831612,-0.0820838142366149,0.993164118076704
407.5,51.5094610415291,-0.160902934241809,1.13644732677577,0.020604003764853,1.05147731580821
408,51.5094662364642,-0.160902864408617,1.41035630860634,-0.00126005524769064,1.03388716354169
408.5,51.5094724902575,-0.160902749697102,1.10167556101342,0.00950126972051682,0.988506513433869
409,51.5094774843518,-0.160902663394704,1.36766774275975,-0.00162032453485502,1.28459186622761
409.5,51.5094835627299,-0.160902325445862,1.14680821105099,-0.0638372022460231,1.07218407854489
410,51.5094889707838,-0.160902461269552,1.23611693686897,-0.0101337267318997,1.30613000709377
410.5,51.5094944118953,-0.160902454733422,1.29150094669409,0.03814968918051,1.31946822059013
411,51.5095000798397,-0.16090247335325,1.26497280118623,0.102273489395916,2.08278148845453
411.5,51.5095057731837,-0.160901900657956,1.19930971160961,-0.027021586004234,1.75495327781484
412,51.5095111812556,-0.160901683124613,1.31378677304579,-0.071903792693459,1.58048595435262
412.5,51.509516911674,-0.160901742814207,1.25017614320284,0.000773772799132254,1.51753684064716
413,51.5095222904118,-0.160901743237819,1.34194953492344,0.0726890533691321,1.04335076884115
413.5,51.5095281591046,-0.160901547273131,1.20878125056082,0.0216433552508951,0.759687620128713
414,51.5095333173837,-0.160901418085896,1.43489815185741,-0.00282781426067687,0.295320283050647
414.5,51.5095395530267,-0.160901485844827,1.07307389788697,-0.0131987125299261,0.260728464897994
415,51.5095445121956,-0.160901717814098,1.37586095027317,0.0216470566286858,0.659416539715536
415.5,51.5095503838563,-0.160901921797695,1.16265554609389,0.0507166008005551,0.398558289797335
416,51.50955565651,-0.160901959385285,1.3613725764982,-0.00845795018367277,0.213934941413334
416.5,51.5095615068119,-0.160901833300979,1.17030750608065,-0.02749056991435,0.241762580955089
417,51.5095668383722,-0.160902068854246,1.30326926088389,-0.00295984727963304,0.0308060290894865
417.5,51.5095725771138,-0.160902315887616,1.1926971902481,-0.0303571251707046,-0.376471347593295
418,51.5095778337721,-0.160902225430107,1.38092575376747,-0.124001310124305,-0.282956988564244
418.5,51.5095839892105,-0.16090284306964,1.08193900442118,0.0372948239344372,-0.0871442522943918
419,51.5095890603904,-0.160902564511921,1.34345021926682,-0.0636576632310899,0.321743097176123
419.5,51.5095949186143,-0.160902584231581,1.160808623436,-0.0470507652828999,0.380930971585131
420,51.5096001996045,-0.160902986531179,1.30810552314234,0.0545632827493966,0.863802438302532
420.5,51.5096058628787,-0.160902781156403,1.22066845304834,0.00490239768706398,0.924941042932666
421,51.5096112685758,-0.160902629900495,1.34738336580058,-0.00157876659478433,1.08545445521239
421.5,51.5096172247744,-0.160902233767863,1.13729915148286,-0.0859713446259658,0.942468762782936
422,51.5096226914082,-0.160902444623649,1.21960032545652,-0.0177171282457877,0.457946194456396
422.5,51.5096273313355,-0.160902542083377,1.19474774400008,0.00609549452852473,0.56868435436538
423,51.509631594469,-0.160902593470237,0.816431707156483,-0.0238530280477436,0.670171818845873
423.5,51.5096341313735,-0.160902903237058,0.767653850543818,0.0355794852318141,0.245727534216829
424,51.5096365332355,-0.160902745139909,0.304583726685012,-0.0262381261364547,-0.218506480877411
424.5,51.5096374650416,-0.160902911857566,0.220527559282352,0.000979490638632067,-0.0789330036144566
425,51.5096383139312,-0.160903057402697,-0.156904618835905,0.0119394187022548,0.348238512687982
